record_id,date,year,quarter,month,week,product,price,competitor_price,price_difference_pct,demand,revenue,marketing_spend,consumer_confidence_index,unemployment_rate,is_promotion,seasonal_factor,trend_factor,price_change_pct,demand_change_pct,year_week
1,2024-01-01,2024,1,1,1,Product_A,71.75,79.63,10.99,2348,151626.51,7901.98,81.7,5.1,1,0.9,1.0,0.0,0.0,2024-W00
2,2024-01-01,2024,1,1,1,Product_B,47.33,48.18,1.79,863,40846.7,9183.43,85.5,5.42,0,0.9,1.0,0.0,0.0,2024-W00
3,2024-01-01,2024,1,1,1,Product_C,57.24,56.2,-1.81,1544,88371.13,8603.17,84.8,5.15,0,0.9,1.0,0.0,0.0,2024-W00
4,2024-01-01,2024,1,1,1,Product_D,118.99,111.83,-6.02,917,109112.54,10316.4,76.2,5.34,0,0.9,1.0,0.0,0.0,2024-W00
5,2024-01-01,2024,1,1,1,Product_E,118.12,106.42,-9.9,1380,162999.45,9992.13,86.2,4.74,0,0.9,1.0,0.0,0.0,2024-W00
6,2024-01-08,2024,1,1,2,Product_A,73.72,69.4,-5.87,1594,117517.41,8018.21,89.1,5.1,0,0.9,1.001,2.745644599303132,-32.112436115843266,2024-W01
7,2024-01-08,2024,1,1,2,Product_B,47.07,43.83,-6.88,1239,52483.19,11457.52,87.7,5.16,1,0.9,1.001,-0.5493344601732453,43.56894553881807,2024-W01
8,2024-01-08,2024,1,1,2,Product_C,52.15,56.54,8.42,1775,92566.04,7884.11,84.4,5.7,0,0.9,1.001,-8.892382948986732,14.961139896373066,2024-W01
9,2024-01-08,2024,1,1,2,Product_D,140.12,119.47,-14.73,902,113748.9,8148.17,84.9,5.5,1,0.9,1.001,17.75779477266999,-1.6357688113413316,2024-W01
10,2024-01-08,2024,1,1,2,Product_E,116.13,129.69,11.67,1493,173382.18,9887.2,86.5,5.3,0,0.9,1.001,-1.6847273958686126,8.18840579710145,2024-W01
11,2024-01-15,2024,1,1,3,Product_A,73.03,68.48,-6.24,1406,102685.27,9953.34,83.4,5.31,0,0.9,1.003,-0.9359739555073188,-11.794228356336255,2024-W02
12,2024-01-15,2024,1,1,3,Product_B,45.6,41.93,-8.07,1312,59832.85,7321.93,93.8,5.76,0,0.9,1.003,-3.1230082855321806,5.8918482647296155,2024-W02
13,2024-01-15,2024,1,1,3,Product_C,54.18,48.37,-10.73,1498,81166.15,11626.56,89.0,5.38,0,0.9,1.003,3.892617449664426,-15.605633802816898,2024-W02
14,2024-01-15,2024,1,1,3,Product_D,134.88,145.76,8.07,900,121393.05,7842.83,91.2,5.63,0,0.9,1.003,-3.7396517270910756,-0.22172949002217113,2024-W02
15,2024-01-15,2024,1,1,3,Product_E,117.53,109.46,-6.87,1260,148091.54,9332.65,85.5,5.6,0,0.9,1.003,1.2055455093429757,-15.606162089752173,2024-W02
16,2024-01-22,2024,1,1,4,Product_A,71.57,73.88,3.23,1335,95544.56,9865.87,83.9,5.73,0,0.9,1.004,-1.9991784198274742,-5.049786628733999,2024-W03
17,2024-01-22,2024,1,1,4,Product_B,45.76,40.26,-12.02,1254,57384.13,10137.36,88.7,5.86,0,0.9,1.004,0.35087719298245723,-4.4207317073170715,2024-W03
18,2024-01-22,2024,1,1,4,Product_C,62.84,68.76,9.42,1530,96150.86,9492.4,88.2,5.59,0,0.9,1.004,15.983757844222968,2.1361815754339153,2024-W03
19,2024-01-22,2024,1,1,4,Product_D,117.81,117.37,-0.37,875,103085.42,9961.22,92.1,5.84,0,0.9,1.004,-12.655693950177927,-2.777777777777779,2024-W03
20,2024-01-22,2024,1,1,4,Product_E,112.82,102.25,-9.36,1504,152708.13,11285.27,87.3,5.6,1,0.9,1.004,-4.0074874500127695,19.365079365079364,2024-W03
21,2024-01-29,2024,1,1,5,Product_A,77.77,68.95,-11.34,1399,108795.34,10279.05,90.2,5.84,0,0.9,1.006,8.66284756182758,4.794007490636698,2024-W04
22,2024-01-29,2024,1,1,5,Product_B,45.44,42.62,-6.21,1327,60299.2,10206.38,89.1,5.82,0,0.9,1.006,-0.6993006993006978,5.821371610845305,2024-W04
23,2024-01-29,2024,1,1,5,Product_C,56.32,50.08,-11.08,1507,84874.06,9571.69,94.8,5.48,0,0.9,1.006,-10.375556970082755,-1.5032679738562038,2024-W04
24,2024-01-29,2024,1,1,5,Product_D,136.29,154.59,13.43,1029,126216.63,7699.49,89.7,5.87,1,0.9,1.006,15.68627450980391,17.599999999999994,2024-W04
25,2024-01-29,2024,1,1,5,Product_E,119.33,111.17,-6.84,1232,147017.0,10167.8,95.4,5.8,0,0.9,1.006,5.770253501152278,-18.085106382978722,2024-W04
26,2024-02-05,2024,1,2,6,Product_A,79.02,80.13,1.4,1321,104391.39,8602.7,93.5,6.38,0,0.9,1.007,1.6073035875016073,-5.575411007862763,2024-W05
27,2024-02-05,2024,1,2,6,Product_B,52.08,57.04,9.52,1035,53904.72,9096.41,94.5,5.76,0,0.9,1.007,14.612676056338024,-22.004521477015825,2024-W05
28,2024-02-05,2024,1,2,6,Product_C,59.84,64.67,8.08,1582,85194.32,10923.92,96.5,5.79,1,0.9,1.007,6.25,4.976775049767745,2024-W05
29,2024-02-05,2024,1,2,6,Product_D,128.39,139.73,8.84,1004,116013.62,7545.88,87.8,6.2,1,0.9,1.007,-5.796463423582077,-2.4295432458697808,2024-W05
30,2024-02-05,2024,1,2,6,Product_E,105.69,111.87,5.84,1670,176507.91,8412.8,96.2,5.71,0,0.9,1.007,-11.430486885108525,35.55194805194806,2024-W05
31,2024-02-12,2024,1,2,7,Product_A,73.92,63.84,-13.64,1327,98095.63,7598.22,97.2,6.38,0,0.9,1.009,-6.454062262718296,0.4542013626040786,2024-W06
32,2024-02-12,2024,1,2,7,Product_B,47.41,48.15,1.56,1281,60738.07,10008.67,92.5,5.86,0,0.9,1.009,-8.966973886328732,23.768115942028988,2024-W06
33,2024-02-12,2024,1,2,7,Product_C,60.14,53.59,-10.89,1455,78754.45,8369.16,93.8,6.32,1,0.9,1.009,0.50133689839571,-8.02781289506953,2024-W06
34,2024-02-12,2024,1,2,7,Product_D,136.17,153.7,12.88,795,108252.22,8464.52,95.2,6.03,0,0.9,1.009,6.059661967442942,-20.81673306772909,2024-W06
35,2024-02-12,2024,1,2,7,Product_E,119.75,129.74,8.34,1643,177079.17,10178.86,90.4,6.51,1,0.9,1.009,13.303056107484146,-1.6167664670658666,2024-W06
36,2024-02-19,2024,1,2,8,Product_A,79.38,70.83,-10.77,1594,126532.87,8464.21,91.5,6.36,0,0.9,1.01,7.386363636363624,20.120572720422004,2024-W07
37,2024-02-19,2024,1,2,8,Product_B,44.81,49.77,11.05,1405,62963.28,10636.23,96.9,6.47,0,0.9,1.01,-5.484075089643525,9.679937548790019,2024-W07
38,2024-02-19,2024,1,2,8,Product_C,57.71,56.92,-1.37,1600,92341.26,7693.81,96.8,6.49,0,0.9,1.01,-4.040571998669773,9.965635738831624,2024-W07
39,2024-02-19,2024,1,2,8,Product_D,121.34,126.45,4.21,889,107871.49,9343.97,95.4,6.69,0,0.9,1.01,-10.890798266872281,11.82389937106918,2024-W07
40,2024-02-19,2024,1,2,8,Product_E,107.24,92.24,-13.99,1118,119894.48,7340.17,98.0,6.19,0,0.9,1.01,-10.446764091858041,-31.95374315276932,2024-W07
41,2024-02-26,2024,1,2,9,Product_A,83.67,88.87,6.21,1933,145568.56,7224.85,95.3,6.83,1,0.9,1.011,5.4043839758125545,21.267252195734,2024-W08
42,2024-02-26,2024,1,2,9,Product_B,48.69,50.64,4.0,1182,57553.43,8409.05,97.3,6.54,0,0.9,1.011,8.658781521981695,-15.871886120996436,2024-W08
43,2024-02-26,2024,1,2,9,Product_C,55.16,59.09,7.12,1227,67681.92,7875.22,97.3,6.37,0,0.9,1.011,-4.418644948882355,-23.312500000000004,2024-W08
44,2024-02-26,2024,1,2,9,Product_D,128.45,126.5,-1.52,903,115993.61,11198.97,98.2,6.39,0,0.9,1.011,5.859568155595829,1.5748031496062964,2024-W08
45,2024-02-26,2024,1,2,9,Product_E,116.42,110.24,-5.31,1473,171481.57,7375.41,98.4,6.18,0,0.9,1.011,8.560238716896684,31.753130590339886,2024-W08
46,2024-03-04,2024,1,3,10,Product_A,75.73,71.76,-5.24,1691,128064.75,7486.01,100.5,6.32,0,0.9,1.013,-9.489661766463486,-12.519399896533889,2024-W09
47,2024-03-04,2024,1,3,10,Product_B,48.54,43.76,-9.85,986,47858.06,11629.81,98.8,6.72,0,0.9,1.013,-0.30807147258163914,-16.582064297800336,2024-W09
48,2024-03-04,2024,1,3,10,Product_C,62.37,67.74,8.61,1500,93556.21,11214.38,96.9,7.21,0,0.9,1.013,13.071065989847707,22.249388753056245,2024-W09
49,2024-03-04,2024,1,3,10,Product_D,121.75,129.56,6.42,941,114565.39,10271.78,96.3,6.83,0,0.9,1.013,-5.216037368625914,4.208194905869322,2024-W09
50,2024-03-04,2024,1,3,10,Product_E,114.39,99.54,-12.98,1810,186333.89,8320.54,97.4,6.87,1,0.9,1.013,-1.7436866517780425,22.8784792939579,2024-W09
51,2024-03-11,2024,1,3,11,Product_A,72.72,77.37,6.4,1671,121515.74,9324.97,101.5,6.96,0,0.9,1.014,-3.9746467714248057,-1.1827321111768208,2024-W10
52,2024-03-11,2024,1,3,11,Product_B,43.57,38.82,-10.89,1242,54109.87,8128.9,100.7,7.18,0,0.9,1.014,-10.23897816234034,25.963488843813387,2024-W10
53,2024-03-11,2024,1,3,11,Product_C,61.06,52.61,-13.85,1394,85120.63,8346.02,97.2,7.42,0,0.9,1.014,-2.100368767035421,-7.0666666666666655,2024-W10
54,2024-03-11,2024,1,3,11,Product_D,122.51,122.38,-0.1,905,110867.38,10689.06,100.5,6.52,0,0.9,1.014,0.6242299794661177,-3.825717321997879,2024-W10
55,2024-03-11,2024,1,3,11,Product_E,120.72,138.75,14.93,1615,175472.35,10829.99,102.5,6.63,1,0.9,1.014,5.533700498295313,-10.773480662983426,2024-W10
56,2024-03-18,2024,1,3,12,Product_A,71.24,62.86,-11.76,1713,109827.46,9123.93,104.2,7.95,1,0.9,1.016,-2.0352035203520358,2.5134649910233398,2024-W11
57,2024-03-18,2024,1,3,12,Product_B,49.88,45.03,-9.74,1123,56019.03,9902.33,100.3,7.24,0,0.9,1.016,14.48244204728024,-9.581320450885666,2024-W11
58,2024-03-18,2024,1,3,12,Product_C,58.47,50.87,-13.0,1539,89981.59,10065.01,102.3,7.16,0,0.9,1.016,-4.241729446446119,10.401721664275465,2024-W11
59,2024-03-18,2024,1,3,12,Product_D,134.76,127.38,-5.47,975,118250.47,7444.49,100.6,6.66,1,0.9,1.016,9.999183740102847,7.734806629834257,2024-W11
60,2024-03-18,2024,1,3,12,Product_E,116.13,106.8,-8.04,1979,206847.65,8607.5,98.8,7.04,1,0.9,1.016,-3.8021868787276425,22.538699690402474,2024-W11
61,2024-03-25,2024,1,3,13,Product_A,74.76,72.75,-2.69,1757,118221.21,11284.05,100.2,6.39,1,0.9,1.017,4.941044357102764,2.5685931115002836,2024-W12
62,2024-03-25,2024,1,3,13,Product_B,50.59,44.26,-12.52,1125,56911.92,7948.28,102.3,6.8,0,0.9,1.017,1.4234161988773142,0.17809439002671734,2024-W12
63,2024-03-25,2024,1,3,13,Product_C,59.23,51.08,-13.75,1763,93973.12,9505.0,101.3,6.78,1,0.9,1.017,1.2998118693346994,14.554905782975958,2024-W12
64,2024-03-25,2024,1,3,13,Product_D,115.64,106.85,-7.6,911,105343.55,10977.02,99.9,6.89,0,0.9,1.017,-14.188186405461556,-6.564102564102569,2024-W12
65,2024-03-25,2024,1,3,13,Product_E,120.25,124.57,3.59,1677,201664.32,7375.22,103.9,7.17,0,0.9,1.017,3.547748213209334,-15.260232440626575,2024-W12
66,2024-04-01,2024,2,4,14,Product_A,88.13,79.84,-9.4,1723,151843.18,11739.44,102.2,7.15,0,0.95,1.019,17.883895131086124,-1.9351166761525374,2024-W13
67,2024-04-01,2024,2,4,14,Product_B,49.5,52.75,6.57,1345,66578.69,8971.3,98.2,6.58,0,0.95,1.019,-2.1545760031626893,19.55555555555555,2024-W13
68,2024-04-01,2024,2,4,14,Product_C,58.53,63.35,8.24,1882,110147.8,9008.54,98.6,6.76,0,0.95,1.019,-1.181833530305576,6.749858196256375,2024-W13
69,2024-04-01,2024,2,4,14,Product_D,129.28,142.58,10.28,1028,132903.66,9311.11,98.0,6.91,0,0.95,1.019,11.795226565202356,12.843029637760694,2024-W13
70,2024-04-01,2024,2,4,14,Product_E,125.02,122.86,-1.73,1735,216912.87,12305.73,103.1,7.49,0,0.95,1.019,3.966735966735957,3.458556946929048,2024-W13
71,2024-04-08,2024,2,4,15,Product_A,80.06,70.69,-11.7,1547,123848.5,11856.43,104.0,7.04,0,0.95,1.02,-9.156927266538062,-10.2147417295415,2024-W14
72,2024-04-08,2024,2,4,15,Product_B,48.07,41.31,-14.06,1232,59217.55,11079.72,94.6,7.13,0,0.95,1.02,-2.8888888888888853,-8.401486988847584,2024-W14
73,2024-04-08,2024,2,4,15,Product_C,62.28,67.21,7.93,1759,109542.35,8067.38,98.5,6.85,0,0.95,1.02,6.406970784213217,-6.535600425079702,2024-W14
74,2024-04-08,2024,2,4,15,Product_D,148.08,129.84,-12.32,795,117726.35,9392.26,97.9,7.24,0,0.95,1.02,14.54207920792081,-22.665369649805445,2024-W14
75,2024-04-08,2024,2,4,15,Product_E,129.1,145.72,12.87,1535,198167.74,10435.05,95.8,6.82,0,0.95,1.02,3.2634778435450373,-11.527377521613836,2024-W14
76,2024-04-15,2024,2,4,16,Product_A,76.76,73.03,-4.87,1670,128197.37,8655.01,95.2,6.15,0,0.95,1.021,-4.121908568573563,7.950872656755004,2024-W15
77,2024-04-15,2024,2,4,16,Product_B,51.96,49.38,-4.97,1463,68415.04,9957.74,97.8,6.98,1,0.95,1.021,8.092365300603287,18.75,2024-W15
78,2024-04-15,2024,2,4,16,Product_C,61.73,66.81,8.24,1535,94753.7,8176.59,97.3,6.57,0,0.95,1.021,-0.8831085420680895,-12.734508243320064,2024-W15
79,2024-04-15,2024,2,4,16,Product_D,141.03,120.06,-14.87,868,122415.02,10605.38,92.2,6.9,0,0.95,1.021,-4.760940032414918,9.182389937106915,2024-W15
80,2024-04-15,2024,2,4,16,Product_E,121.13,104.9,-13.4,1478,179032.45,10996.73,93.3,7.28,0,0.95,1.021,-6.173508907823388,-3.7133550488599343,2024-W15
81,2024-04-22,2024,2,4,17,Product_A,80.82,92.25,14.15,1398,112979.85,10939.34,99.7,6.26,0,0.95,1.023,5.289213131839476,-16.287425149700596,2024-W16
82,2024-04-22,2024,2,4,17,Product_B,48.39,53.02,9.57,1286,62225.59,9665.43,99.8,7.46,0,0.95,1.023,-6.870669745958436,-12.098427887901575,2024-W16
83,2024-04-22,2024,2,4,17,Product_C,63.95,59.97,-6.22,1577,100842.41,12200.32,97.3,6.88,0,0.95,1.023,3.5963064960311097,2.736156351791541,2024-W16
84,2024-04-22,2024,2,4,17,Product_D,124.81,135.36,8.45,959,119693.98,9015.75,96.6,6.9,0,0.95,1.023,-11.501099056938235,10.483870967741925,2024-W16
85,2024-04-22,2024,2,4,17,Product_E,129.42,116.51,-9.98,1658,214579.7,9372.33,102.6,7.22,0,0.95,1.023,6.8438867332617725,12.1786197564276,2024-W16
86,2024-04-29,2024,2,4,18,Product_A,75.63,70.61,-6.64,1560,117980.56,9987.73,98.2,6.8,0,0.95,1.024,-6.421677802524128,11.587982832618016,2024-W17
87,2024-04-29,2024,2,4,18,Product_B,49.55,43.48,-12.25,1192,59069.47,10403.6,95.0,7.05,0,0.95,1.024,2.397189501963215,-7.309486780715401,2024-W17
88,2024-04-29,2024,2,4,18,Product_C,55.85,53.14,-4.85,1764,98523.98,10718.27,99.1,6.99,0,0.95,1.024,-12.66614542611415,11.857958148382997,2024-W17
89,2024-04-29,2024,2,4,18,Product_D,135.52,132.78,-2.02,779,105567.91,12144.8,97.9,6.64,0,0.95,1.024,8.58104318564219,-18.769551616266945,2024-W17
90,2024-04-29,2024,2,4,18,Product_E,122.15,125.79,2.98,1613,197026.43,8341.98,98.3,6.38,0,0.95,1.024,-5.617369803739747,-2.7141133896260605,2024-W17
91,2024-05-06,2024,2,5,19,Product_A,91.15,84.1,-7.74,1678,152951.39,9924.9,95.6,6.52,0,0.95,1.026,20.520957292079878,7.564102564102559,2024-W18
92,2024-05-06,2024,2,5,19,Product_B,54.1,56.67,4.76,1252,67729.99,11078.07,99.2,6.97,0,0.95,1.026,9.182643794147328,5.033557046979875,2024-W18
93,2024-05-06,2024,2,5,19,Product_C,59.61,61.63,3.39,1615,96269.39,9652.37,95.6,6.26,0,0.95,1.026,6.732318710832574,-8.44671201814059,2024-W18
94,2024-05-06,2024,2,5,19,Product_D,133.24,146.12,9.67,930,123916.47,11245.95,96.7,6.49,0,0.95,1.026,-1.6824085005903155,19.38382541720154,2024-W18
95,2024-05-06,2024,2,5,19,Product_E,126.94,114.36,-9.91,1616,205134.44,10771.86,96.2,7.19,0,0.95,1.026,3.9214081047891813,0.18598884066955979,2024-W18
96,2024-05-13,2024,2,5,20,Product_A,85.3,86.22,1.07,2360,181177.36,10603.45,98.5,6.26,1,0.95,1.027,-6.417992320351074,40.64362336114422,2024-W19
97,2024-05-13,2024,2,5,20,Product_B,48.13,55.17,14.63,1383,66563.93,9924.77,94.9,6.69,0,0.95,1.027,-11.0351201478743,10.463258785942497,2024-W19
98,2024-05-13,2024,2,5,20,Product_C,64.7,71.43,10.4,1802,116592.77,11475.75,95.4,6.09,0,0.95,1.027,8.538835765811115,11.578947368421044,2024-W19
99,2024-05-13,2024,2,5,20,Product_D,145.81,133.37,-8.53,934,136185.68,9843.34,98.1,6.16,0,0.95,1.027,9.434103872710885,0.43010752688172893,2024-W19
100,2024-05-13,2024,2,5,20,Product_E,110.68,113.09,2.18,2066,228664.12,9508.96,98.8,6.2,0,0.95,1.027,-12.809201197416098,27.846534653465337,2024-W19
101,2024-05-20,2024,2,5,21,Product_A,84.59,89.1,5.33,1587,134246.89,7793.68,92.0,6.16,0,0.95,1.029,-0.832356389214528,-32.75423728813559,2024-W20
102,2024-05-20,2024,2,5,21,Product_B,52.98,49.76,-6.08,1191,63104.91,7761.24,95.6,6.57,0,0.95,1.029,10.07687512985662,-13.88286334056399,2024-W20
103,2024-05-20,2024,2,5,21,Product_C,64.47,68.89,6.85,1732,111658.73,9787.56,97.5,6.08,0,0.95,1.029,-0.35548686244204486,-3.88457269700333,2024-W20
104,2024-05-20,2024,2,5,21,Product_D,130.51,136.18,4.34,864,112760.31,11108.34,99.8,6.44,0,0.95,1.029,-10.493107468623563,-7.494646680942186,2024-W20
105,2024-05-20,2024,2,5,21,Product_E,115.47,99.95,-13.44,1808,187885.64,10415.99,95.4,6.56,1,0.95,1.029,4.327791832309358,-12.48789932236205,2024-W20
106,2024-05-27,2024,2,5,22,Product_A,81.2,91.84,13.1,1794,145671.5,10881.95,92.4,5.82,0,0.95,1.03,-4.007565906135479,13.043478260869556,2024-W21
107,2024-05-27,2024,2,5,22,Product_B,49.13,53.98,9.87,1356,66617.63,11611.61,96.9,6.11,0,0.95,1.03,-7.266893167232913,13.85390428211586,2024-W21
108,2024-05-27,2024,2,5,22,Product_C,54.83,49.31,-10.06,1703,93371.65,12052.59,97.0,6.23,0,0.95,1.03,-14.952691174189548,-1.6743648960738988,2024-W21
109,2024-05-27,2024,2,5,22,Product_D,129.74,124.6,-3.97,755,97957.38,11828.52,90.8,6.33,0,0.95,1.03,-0.5899931039766937,-12.615740740740744,2024-W21
110,2024-05-27,2024,2,5,22,Product_E,128.1,116.44,-9.1,1526,195478.31,11699.23,92.2,5.8,0,0.95,1.03,10.937905949597294,-15.597345132743367,2024-W21
111,2024-06-03,2024,2,6,23,Product_A,89.35,82.86,-7.26,1715,153237.45,11992.29,89.6,5.83,0,0.95,1.031,10.036945812807874,-4.403567447045709,2024-W22
112,2024-06-03,2024,2,6,23,Product_B,46.54,43.96,-5.54,1463,68089.88,11042.64,90.6,5.62,0,0.95,1.031,-5.271728068389992,7.890855457227142,2024-W22
113,2024-06-03,2024,2,6,23,Product_C,60.41,66.59,10.22,1719,103847.25,8614.18,94.4,6.1,0,0.95,1.031,10.176910450483302,0.9395184967704084,2024-W22
114,2024-06-03,2024,2,6,23,Product_D,132.91,134.15,0.93,825,109652.79,9941.11,92.3,5.86,0,0.95,1.031,2.4433482349313973,9.27152317880795,2024-W22
115,2024-06-03,2024,2,6,23,Product_E,107.74,120.58,11.92,1741,187572.7,12336.88,94.7,5.74,0,0.95,1.031,-15.893832943013276,14.089121887287014,2024-W22
116,2024-06-10,2024,2,6,24,Product_A,89.68,100.45,12.01,1647,147705.52,8042.24,91.9,5.23,0,0.95,1.033,0.36933407946280195,-3.9650145772594736,2024-W23
117,2024-06-10,2024,2,6,24,Product_B,54.91,56.82,3.48,1221,67041.5,10572.98,88.4,6.02,0,0.95,1.033,17.984529437043406,-16.541353383458645,2024-W23
118,2024-06-10,2024,2,6,24,Product_C,62.62,69.63,11.2,1721,107769.53,10283.85,95.4,5.14,0,0.95,1.033,3.6583347127958854,0.11634671320535084,2024-W23
119,2024-06-10,2024,2,6,24,Product_D,136.02,143.27,5.33,1034,140646.9,12176.62,90.3,5.63,0,0.95,1.033,2.3399292754495704,25.333333333333343,2024-W23
120,2024-06-10,2024,2,6,24,Product_E,126.45,139.83,10.58,1516,191705.2,12232.88,90.5,5.55,0,0.95,1.033,17.365880824206425,-12.923607122343483,2024-W23
121,2024-06-17,2024,2,6,25,Product_A,89.68,100.09,11.61,2036,164329.26,11048.29,84.9,5.08,1,0.95,1.034,0.0,23.618700667880987,2024-W24
122,2024-06-17,2024,2,6,25,Product_B,50.77,52.71,3.83,1181,59955.9,9509.17,91.8,5.85,0,0.95,1.034,-7.539610271353114,-3.276003276003281,2024-W24
123,2024-06-17,2024,2,6,25,Product_C,54.42,50.28,-7.6,1624,88377.0,9792.4,86.7,5.62,0,0.95,1.034,-13.094857872884058,-5.63625798954096,2024-W24
124,2024-06-17,2024,2,6,25,Product_D,122.42,132.34,8.1,950,116294.27,8196.36,86.4,5.61,0,0.95,1.034,-9.99852962799589,-8.12379110251451,2024-W24
125,2024-06-17,2024,2,6,25,Product_E,112.04,102.94,-8.12,1236,138478.6,7937.42,88.0,5.25,0,0.95,1.034,-11.395808620007909,-18.46965699208444,2024-W24
126,2024-06-24,2024,2,6,26,Product_A,76.46,80.21,4.91,2135,146916.46,7643.69,90.5,5.31,1,0.95,1.036,-14.741302408563794,4.862475442043213,2024-W25
127,2024-06-24,2024,2,6,26,Product_B,48.31,42.66,-11.69,1080,52173.93,11103.52,81.8,4.71,0,0.95,1.036,-4.845381130588933,-8.552074513124474,2024-W25
128,2024-06-24,2024,2,6,26,Product_C,61.74,55.96,-9.36,1354,83596.68,11082.09,84.3,5.32,0,0.95,1.036,13.450937155457554,-16.625615763546797,2024-W25
129,2024-06-24,2024,2,6,26,Product_D,129.9,140.55,8.19,727,94440.75,7683.37,85.7,5.07,0,0.95,1.036,6.1101127266786515,-23.473684210526315,2024-W25
130,2024-06-24,2024,2,6,26,Product_E,125.08,142.64,14.03,1530,191376.64,12222.11,86.1,5.16,0,0.95,1.036,11.638700464119944,23.78640776699028,2024-W25
131,2024-07-01,2024,3,7,27,Product_A,82.63,87.89,6.37,1654,136672.11,11259.81,90.6,5.14,0,1.0,1.037,8.06957886476589,-22.529274004683842,2024-W26
132,2024-07-01,2024,3,7,27,Product_B,50.63,57.47,13.5,1233,62428.7,11398.24,82.2,4.42,0,1.0,1.037,4.802318360587865,14.16666666666666,2024-W26
133,2024-07-01,2024,3,7,27,Product_C,66.83,57.52,-13.94,1409,94166.4,8026.15,85.8,5.44,0,1.0,1.037,8.244250080984772,4.062038404726742,2024-W26
134,2024-07-01,2024,3,7,27,Product_D,129.05,144.48,11.96,1039,134080.4,12235.3,85.8,5.05,0,1.0,1.037,-0.6543494996150812,42.91609353507566,2024-W26
135,2024-07-01,2024,3,7,27,Product_E,120.15,110.51,-8.02,1502,180468.72,9631.27,87.6,4.81,0,1.0,1.037,-3.941477454429154,-1.8300653594771288,2024-W26
136,2024-07-08,2024,3,7,28,Product_A,88.65,77.84,-12.19,1661,147245.63,11288.06,79.8,5.05,0,1.0,1.039,7.285489531647116,0.4232164449818665,2024-W27
137,2024-07-08,2024,3,7,28,Product_B,58.43,57.86,-0.98,1117,65263.39,12395.59,82.7,4.51,0,1.0,1.039,15.405885838435696,-9.407948094079476,2024-W27
138,2024-07-08,2024,3,7,28,Product_C,61.05,67.95,11.3,1583,96637.65,8744.44,85.1,4.32,0,1.0,1.039,-8.64881041448452,12.349183818310848,2024-W27
139,2024-07-08,2024,3,7,28,Product_D,137.02,119.16,-13.03,835,114408.28,9990.03,82.5,5.21,0,1.0,1.039,6.175900813638124,-19.634263715110677,2024-W27
140,2024-07-08,2024,3,7,28,Product_E,132.91,118.83,-10.59,1465,194714.74,9052.53,81.5,4.62,0,1.0,1.039,10.620058260507692,-2.463382157123839,2024-W27
141,2024-07-15,2024,3,7,29,Product_A,85.58,95.65,11.76,2005,171596.33,12865.05,78.7,4.28,0,1.0,1.04,-3.463056965595046,20.71041541240217,2024-W28
142,2024-07-15,2024,3,7,29,Product_B,50.76,45.84,-9.7,1500,76147.18,10563.44,82.6,4.87,0,1.0,1.04,-13.126818415197672,34.28827215756491,2024-W28
143,2024-07-15,2024,3,7,29,Product_C,68.42,70.33,2.79,1425,97502.2,11610.35,79.0,3.89,0,1.0,1.04,12.072072072072082,-9.981048641819335,2024-W28
144,2024-07-15,2024,3,7,29,Product_D,155.7,176.38,13.28,1045,162704.34,8289.22,79.0,4.47,0,1.0,1.04,13.63304627061741,25.149700598802394,2024-W28
145,2024-07-15,2024,3,7,29,Product_E,126.76,138.32,9.11,1625,205988.45,9512.1,81.3,4.27,0,1.0,1.04,-4.627191332480618,10.921501706484648,2024-W28
146,2024-07-22,2024,3,7,30,Product_A,91.34,85.34,-6.58,2546,209307.65,8976.21,81.3,4.21,1,1.0,1.041,6.730544519747617,26.98254364089776,2024-W29
147,2024-07-22,2024,3,7,30,Product_B,48.91,55.79,14.07,1619,79185.58,9750.63,81.3,4.1,0,1.0,1.041,-3.6446020488573705,7.933333333333326,2024-W29
148,2024-07-22,2024,3,7,30,Product_C,64.64,64.27,-0.57,1514,97860.56,8464.95,74.4,4.64,0,1.0,1.041,-5.524700380005843,6.245614035087721,2024-W29
149,2024-07-22,2024,3,7,30,Product_D,130.53,125.27,-4.03,920,120088.77,12813.84,79.7,4.36,0,1.0,1.041,-16.165703275529864,-11.961722488038273,2024-W29
150,2024-07-22,2024,3,7,30,Product_E,124.87,109.22,-12.53,1326,165577.8,9368.2,76.5,4.4,0,1.0,1.041,-1.491006626696123,-18.400000000000006,2024-W29
151,2024-07-29,2024,3,7,31,Product_A,95.56,105.68,10.59,1550,148122.8,12833.27,77.7,4.29,0,1.0,1.043,4.6201007225749935,-39.120188531029065,2024-W30
152,2024-07-29,2024,3,7,31,Product_B,50.69,51.25,1.11,1264,64073.75,9122.2,76.3,4.17,0,1.0,1.043,3.6393375587814303,-21.927115503397154,2024-W30
153,2024-07-29,2024,3,7,31,Product_C,64.29,66.28,3.1,1888,121374.26,10807.42,78.4,3.86,0,1.0,1.043,-0.5414603960395947,24.702774108322334,2024-W30
154,2024-07-29,2024,3,7,31,Product_D,132.57,144.94,9.33,1044,138399.88,10891.49,76.2,4.46,0,1.0,1.043,1.5628591128476144,13.47826086956523,2024-W30
155,2024-07-29,2024,3,7,31,Product_E,123.14,121.6,-1.25,1644,202437.29,8284.89,80.8,3.91,0,1.0,1.043,-1.3854408584928368,23.98190045248869,2024-W30
156,2024-08-05,2024,3,8,32,Product_A,95.08,100.67,5.88,1555,147853.61,10784.01,71.9,3.59,0,1.0,1.044,-0.5023022185014714,0.3225806451612856,2024-W31
157,2024-08-05,2024,3,8,32,Product_B,51.14,45.46,-11.11,1334,68220.26,12387.3,74.0,3.91,0,1.0,1.044,0.8877490629315421,5.537974683544311,2024-W31
158,2024-08-05,2024,3,8,32,Product_C,57.91,55.03,-4.97,1949,112864.17,8385.29,78.3,3.86,0,1.0,1.044,-9.923782858920527,3.2309322033898358,2024-W31
159,2024-08-05,2024,3,8,32,Product_D,138.22,155.53,12.52,970,134075.3,9299.52,81.2,3.56,0,1.0,1.044,4.2618993739156785,-7.0881226053639885,2024-W31
160,2024-08-05,2024,3,8,32,Product_E,126.13,139.0,10.2,1673,211009.79,9569.38,81.4,4.01,0,1.0,1.044,2.42813058307616,1.7639902676398922,2024-W31
161,2024-08-12,2024,3,8,33,Product_A,81.16,81.61,0.55,1857,150711.88,12950.27,75.7,3.43,0,1.0,1.046,-14.64030290281868,19.421221864951765,2024-W32
162,2024-08-12,2024,3,8,33,Product_B,52.29,48.52,-7.21,1308,68393.73,10042.27,76.1,3.42,0,1.0,1.046,2.248728979272574,-1.9490254872563728,2024-W32
163,2024-08-12,2024,3,8,33,Product_C,62.76,56.12,-10.58,1824,103021.82,10586.35,77.9,3.88,1,1.0,1.046,8.375064755655327,-6.413545407901489,2024-W32
164,2024-08-12,2024,3,8,33,Product_D,128.6,133.65,3.93,983,126411.97,8736.52,69.5,3.58,0,1.0,1.046,-6.959918969758361,1.3402061855670055,2024-W32
165,2024-08-12,2024,3,8,33,Product_E,124.91,133.96,7.25,1047,130779.87,8975.83,74.2,3.93,0,1.0,1.046,-0.9672560057083945,-37.417812313209794,2024-W32
166,2024-08-19,2024,3,8,34,Product_A,92.86,101.5,9.3,1924,178672.23,9467.96,75.5,3.22,0,1.0,1.047,14.415968457368166,3.6079698438341357,2024-W33
167,2024-08-19,2024,3,8,34,Product_B,55.62,48.55,-12.72,1201,66801.44,9100.92,71.2,3.5,0,1.0,1.047,6.36833046471601,-8.180428134556571,2024-W33
168,2024-08-19,2024,3,8,34,Product_C,69.02,71.97,4.28,1737,119885.32,12991.74,68.2,3.96,0,1.0,1.047,9.974506054811982,-4.7697368421052655,2024-W33
169,2024-08-19,2024,3,8,34,Product_D,147.76,128.98,-12.71,941,139044.43,10503.02,68.9,3.56,0,1.0,1.047,14.898911353032652,-4.272634791454733,2024-W33
170,2024-08-19,2024,3,8,34,Product_E,120.87,119.21,-1.38,1497,180949.16,10034.02,69.4,3.79,0,1.0,1.047,-3.234328716676005,42.97994269340975,2024-W33
171,2024-08-26,2024,3,8,35,Product_A,92.67,96.84,4.5,1817,168384.0,10507.58,72.7,3.62,0,1.0,1.049,-0.20460908895110208,-5.561330561330557,2024-W34
172,2024-08-26,2024,3,8,35,Product_B,55.57,56.66,1.97,1326,73679.53,9739.05,76.2,3.72,0,1.0,1.049,-0.08989572096367304,10.40799333888427,2024-W34
173,2024-08-26,2024,3,8,35,Product_C,62.37,68.73,10.19,1960,122249.36,8591.68,76.3,3.53,0,1.0,1.049,-9.63488843813387,12.83822682786413,2024-W34
174,2024-08-26,2024,3,8,35,Product_D,133.1,130.93,-1.63,1094,145614.56,8219.5,70.8,3.0,0,1.0,1.049,-9.921494315105573,16.25929861849096,2024-W34
175,2024-08-26,2024,3,8,35,Product_E,117.05,119.43,2.03,1608,188217.45,12757.22,71.9,3.26,0,1.0,1.049,-3.16042028625797,7.414829659318634,2024-W34
176,2024-09-02,2024,3,9,36,Product_A,88.82,76.46,-13.92,1356,120444.25,8469.91,73.7,3.0,0,1.0,1.05,-4.154526815582182,-25.371491469455144,2024-W35
177,2024-09-02,2024,3,9,36,Product_B,57.42,63.74,11.02,1415,81245.14,11292.26,72.4,3.32,0,1.0,1.05,3.329134425049496,6.711915535444946,2024-W35
178,2024-09-02,2024,3,9,36,Product_C,57.5,49.29,-14.27,1482,85211.67,9672.56,65.9,3.08,0,1.0,1.05,-7.808241141574468,-24.38775510204082,2024-W35
179,2024-09-02,2024,3,9,36,Product_D,133.99,152.14,13.54,1027,137610.05,12803.13,70.4,3.41,0,1.0,1.05,0.6686701728024103,-6.124314442413159,2024-W35
180,2024-09-02,2024,3,9,36,Product_E,129.22,115.31,-10.76,1289,166567.2,9860.87,79.8,3.32,0,1.0,1.05,10.397266125587358,-19.83830845771144,2024-W35
181,2024-09-09,2024,3,9,37,Product_A,79.24,68.24,-13.88,1584,125519.46,10954.17,65.6,3.24,0,1.0,1.051,-10.785859040756584,16.814159292035402,2024-W36
182,2024-09-09,2024,3,9,37,Product_B,49.99,55.7,11.43,1628,81386.1,11763.58,72.5,3.43,0,1.0,1.051,-12.939742250087072,15.053003533568909,2024-W36
183,2024-09-09,2024,3,9,37,Product_C,69.11,64.12,-7.22,1742,120397.84,9493.63,71.4,3.0,0,1.0,1.051,20.191304347826076,17.543859649122815,2024-W36
184,2024-09-09,2024,3,9,37,Product_D,146.13,167.22,14.44,811,118510.15,8365.41,72.0,3.74,0,1.0,1.051,9.060377640122397,-21.032132424537487,2024-W36
185,2024-09-09,2024,3,9,37,Product_E,117.23,128.69,9.77,1710,200471.1,9093.55,69.2,3.0,0,1.0,1.051,-9.27874941959449,32.660977501939485,2024-W36
186,2024-09-16,2024,3,9,38,Product_A,89.6,78.46,-12.44,1984,159995.95,9079.11,73.7,3.53,1,1.0,1.053,13.07420494699647,25.25252525252526,2024-W37
187,2024-09-16,2024,3,9,38,Product_B,50.01,54.79,9.54,1678,75532.02,11717.54,69.3,3.0,1,1.0,1.053,0.04000800160031126,3.071253071253066,2024-W37
188,2024-09-16,2024,3,9,38,Product_C,63.3,56.34,-11.0,1954,111319.87,10290.93,69.9,3.21,1,1.0,1.053,-8.406887570539723,12.169919632606208,2024-W37
189,2024-09-16,2024,3,9,38,Product_D,132.99,132.06,-0.69,893,118756.98,11786.55,71.7,3.06,0,1.0,1.053,-8.991993430507073,10.110974106041915,2024-W37
190,2024-09-16,2024,3,9,38,Product_E,132.63,127.35,-3.98,1884,224884.73,9872.74,69.9,3.0,1,1.0,1.053,13.136569137592758,10.175438596491237,2024-W37
191,2024-09-23,2024,3,9,39,Product_A,95.78,96.25,0.49,1847,176900.21,11630.46,76.5,3.2,0,1.0,1.054,6.897321428571446,-6.9052419354838745,2024-W38
192,2024-09-23,2024,3,9,39,Product_B,51.08,53.13,4.02,1386,70793.3,11159.07,73.9,3.07,0,1.0,1.054,2.139572085582886,-17.40166865315852,2024-W38
193,2024-09-23,2024,3,9,39,Product_C,66.89,60.04,-10.23,1422,95116.91,11647.54,61.5,3.0,0,1.0,1.054,5.671406003159563,-27.226202661207775,2024-W38
194,2024-09-23,2024,3,9,39,Product_D,150.39,150.34,-0.03,1112,150507.45,10825.43,72.6,3.0,1,1.0,1.054,13.08369050304532,24.524076147816352,2024-W38
195,2024-09-23,2024,3,9,39,Product_E,129.5,118.64,-8.38,1547,200336.27,8875.62,71.3,3.16,0,1.0,1.054,-2.3599487295483668,-17.88747346072187,2024-W38
196,2024-09-30,2024,3,9,40,Product_A,95.55,105.18,10.08,1614,154211.41,8126.75,68.1,3.0,0,1.0,1.056,-0.24013363959073386,-12.615051434759073,2024-W39
197,2024-09-30,2024,3,9,40,Product_B,54.1,61.61,13.89,1534,82986.02,11805.14,69.1,3.07,0,1.0,1.056,5.912294440093979,10.678210678210686,2024-W39
198,2024-09-30,2024,3,9,40,Product_C,57.89,54.11,-6.53,1740,100728.17,8344.79,70.9,3.11,0,1.0,1.056,-13.454925997907008,22.36286919831223,2024-W39
199,2024-09-30,2024,3,9,40,Product_D,146.47,134.26,-8.34,978,143248.97,9143.38,71.9,3.0,0,1.0,1.056,-2.6065562869871606,-12.050359712230218,2024-W39
200,2024-09-30,2024,3,9,40,Product_E,131.44,117.72,-10.44,1544,202943.5,11136.64,69.1,3.09,0,1.0,1.056,1.4980694980694986,-0.19392372333548735,2024-W39
201,2024-10-07,2024,4,10,41,Product_A,95.55,96.96,1.48,2033,194249.88,10099.51,66.5,3.0,0,1.15,1.057,0.0,25.960346964064442,2024-W40
202,2024-10-07,2024,4,10,41,Product_B,64.27,55.93,-12.98,1313,84389.38,10930.54,65.8,3.0,0,1.15,1.057,18.7985212569316,-14.406779661016945,2024-W40
203,2024-10-07,2024,4,10,41,Product_C,69.71,75.14,7.78,2697,169213.34,10634.89,71.2,3.0,1,1.15,1.057,20.418034202798395,55.00000000000001,2024-W40
204,2024-10-07,2024,4,10,41,Product_D,163.41,171.37,4.87,909,148537.02,9367.73,68.8,3.0,0,1.15,1.057,11.565508295214034,-7.055214723926384,2024-W40
205,2024-10-07,2024,4,10,41,Product_E,156.06,134.53,-13.8,1377,214900.23,11995.25,68.0,3.0,0,1.15,1.057,18.730979914790026,-10.816062176165808,2024-W40
206,2024-10-14,2024,4,10,42,Product_A,95.5,91.37,-4.32,2067,197394.09,11612.7,74.2,3.69,0,1.15,1.059,-0.05232862375719183,1.6724053123462923,2024-W41
207,2024-10-14,2024,4,10,42,Product_B,66.29,75.7,14.2,1658,98915.27,9463.02,74.0,3.0,1,1.15,1.059,3.142990508791055,26.275704493526277,2024-W41
208,2024-10-14,2024,4,10,42,Product_C,78.89,67.57,-14.35,1799,141914.51,11197.22,69.6,3.0,0,1.15,1.059,13.168842346865596,-33.29625509825732,2024-W41
209,2024-10-14,2024,4,10,42,Product_D,180.22,155.61,-13.65,855,154084.78,14487.3,68.2,3.0,0,1.15,1.059,10.287008139036779,-5.940594059405946,2024-W41
210,2024-10-14,2024,4,10,42,Product_E,151.45,135.75,-10.37,1713,259438.86,11881.22,68.4,3.04,0,1.15,1.059,-2.9539920543380838,24.400871459694983,2024-W41
211,2024-10-21,2024,4,10,43,Product_A,92.48,92.25,-0.25,1684,155741.0,11926.5,72.3,3.36,0,1.15,1.06,-3.162303664921462,-18.5292694726657,2024-W42
212,2024-10-21,2024,4,10,43,Product_B,63.97,62.93,-1.62,1106,70745.51,13629.84,69.4,3.09,0,1.15,1.06,-3.4997737215266334,-33.29312424607962,2024-W42
213,2024-10-21,2024,4,10,43,Product_C,66.5,64.88,-2.44,2151,143048.25,14586.73,71.2,3.28,0,1.15,1.06,-15.705412599822544,19.566425792106724,2024-W42
214,2024-10-21,2024,4,10,43,Product_D,166.56,159.42,-4.29,1036,172560.45,14667.84,74.9,3.2,0,1.15,1.06,-7.5796249028964535,21.16959064327486,2024-W42
215,2024-10-21,2024,4,10,43,Product_E,151.71,147.06,-3.06,1926,262971.32,14947.46,76.8,3.0,1,1.15,1.06,0.17167381974250162,12.434325744308229,2024-W42
216,2024-10-28,2024,4,10,44,Product_A,91.43,87.99,-3.76,1649,150761.75,12851.79,71.4,3.72,0,1.15,1.061,-1.1353806228373675,-2.078384798099764,2024-W43
217,2024-10-28,2024,4,10,44,Product_B,64.09,58.72,-8.38,1386,88833.42,13770.15,68.0,3.18,0,1.15,1.061,0.18758793184305844,25.31645569620253,2024-W43
218,2024-10-28,2024,4,10,44,Product_C,74.0,73.2,-1.08,1550,114697.71,10339.06,69.0,3.47,0,1.15,1.061,11.2781954887218,-27.940492794049277,2024-W43
219,2024-10-28,2024,4,10,44,Product_D,169.17,156.0,-7.79,969,163928.21,11261.83,72.9,3.0,0,1.15,1.061,1.5670028818443704,-6.4671814671814705,2024-W43
220,2024-10-28,2024,4,10,44,Product_E,155.77,156.23,0.3,1277,198921.25,12736.99,72.9,3.27,0,1.15,1.061,2.676158460220157,-33.69678089304258,2024-W43
221,2024-11-04,2024,4,11,45,Product_A,93.79,81.71,-12.88,1856,174078.39,12987.49,76.1,3.36,0,1.15,1.063,2.5812096685989383,12.553062462098241,2024-W44
222,2024-11-04,2024,4,11,45,Product_B,60.71,63.24,4.16,1310,79533.5,14625.79,71.0,3.29,0,1.15,1.063,-5.273833671399597,-5.483405483405479,2024-W44
223,2024-11-04,2024,4,11,45,Product_C,67.95,62.35,-8.24,1924,130734.36,9856.05,67.8,3.7,0,1.15,1.063,-8.175675675675675,24.12903225806451,2024-W44
224,2024-11-04,2024,4,11,45,Product_D,178.81,183.19,2.45,919,164328.34,10824.25,69.8,3.42,0,1.15,1.063,5.698409883549105,-5.159958720330238,2024-W44
225,2024-11-04,2024,4,11,45,Product_E,134.18,115.06,-14.25,1792,216408.42,14025.29,66.4,3.87,1,1.15,1.063,-13.86017846825448,40.32889584964761,2024-W44
226,2024-11-11,2024,4,11,46,Product_A,103.45,102.16,-1.25,1945,201218.56,11431.98,74.0,3.54,0,1.15,1.064,10.299605501652632,4.7952586206896575,2024-W45
227,2024-11-11,2024,4,11,46,Product_B,58.16,49.98,-14.07,1231,71598.33,10522.24,76.5,3.44,0,1.15,1.064,-4.200296491517053,-6.030534351145034,2024-W45
228,2024-11-11,2024,4,11,46,Product_C,76.3,66.4,-12.97,1775,135431.04,14145.8,72.4,3.2,0,1.15,1.064,12.288447387785117,-7.744282744282749,2024-W45
229,2024-11-11,2024,4,11,46,Product_D,156.9,149.98,-4.41,1017,159565.66,13562.96,75.4,4.29,0,1.15,1.064,-12.253229685140655,10.663764961915124,2024-W45
230,2024-11-11,2024,4,11,46,Product_E,134.55,129.7,-3.61,1582,212859.36,10816.04,72.9,3.58,0,1.15,1.064,0.2757489938888025,-11.71875,2024-W45
231,2024-11-18,2024,4,11,47,Product_A,108.73,98.8,-9.13,1690,183746.11,14726.85,74.6,3.85,0,1.15,1.066,5.103914934751086,-13.110539845758352,2024-W46
232,2024-11-18,2024,4,11,47,Product_B,66.25,71.75,8.3,1380,91428.12,10266.77,79.4,3.83,0,1.15,1.066,13.909903713892714,12.103980503655553,2024-W46
233,2024-11-18,2024,4,11,47,Product_C,72.82,65.52,-10.03,1706,124231.87,11835.23,72.6,3.7,0,1.15,1.066,-4.560943643512461,-3.887323943661969,2024-W46
234,2024-11-18,2024,4,11,47,Product_D,167.02,151.3,-9.42,635,106060.05,10376.91,77.8,3.57,0,1.15,1.066,6.4499681325685065,-37.56145526057031,2024-W46
235,2024-11-18,2024,4,11,47,Product_E,151.8,139.82,-7.89,1715,260343.93,9921.55,79.3,3.49,0,1.15,1.066,12.82051282051282,8.407079646017701,2024-W46
236,2024-11-25,2024,4,11,48,Product_A,104.53,108.57,3.87,1989,207908.91,9879.45,77.1,3.69,0,1.15,1.067,-3.862779361721702,17.692307692307697,2024-W47
237,2024-11-25,2024,4,11,48,Product_B,57.15,49.14,-14.02,1472,84128.53,12800.77,77.9,4.05,0,1.15,1.067,-13.735849056603778,6.666666666666665,2024-W47
238,2024-11-25,2024,4,11,48,Product_C,73.23,79.96,9.19,2284,167249.95,9558.07,82.5,4.05,0,1.15,1.067,0.5630321340291289,33.880422039859326,2024-W47
239,2024-11-25,2024,4,11,48,Product_D,149.89,169.72,13.22,809,121264.67,9609.16,75.4,4.0,0,1.15,1.067,-10.256256735720282,27.401574803149597,2024-W47
240,2024-11-25,2024,4,11,48,Product_E,153.36,154.5,0.74,1608,246604.84,9310.14,82.0,3.67,0,1.15,1.067,1.0276679841897174,-6.239067055393588,2024-W47
241,2024-12-02,2024,4,12,49,Product_A,94.08,101.16,7.52,1622,152604.24,10821.7,80.5,4.26,0,1.15,1.069,-9.997130010523293,-18.451483157365512,2024-W48
242,2024-12-02,2024,4,12,49,Product_B,63.99,62.66,-2.09,1372,87798.68,9919.82,80.2,3.76,0,1.15,1.069,11.96850393700788,-6.793478260869568,2024-W48
243,2024-12-02,2024,4,12,49,Product_C,70.56,76.0,7.7,1637,115512.88,10147.06,76.1,3.83,0,1.15,1.069,-3.646046702171246,-28.32749562171629,2024-W48
244,2024-12-02,2024,4,12,49,Product_D,172.93,180.95,4.64,1109,191777.9,13188.3,78.6,3.93,0,1.15,1.069,15.371272266328662,37.08281829419035,2024-W48
245,2024-12-02,2024,4,12,49,Product_E,157.24,165.16,5.04,1578,248120.54,9373.1,75.9,3.71,0,1.15,1.069,2.5299947835158987,-1.8656716417910446,2024-W48
246,2024-12-09,2024,4,12,50,Product_A,99.14,106.61,7.53,1910,189364.79,14135.87,76.0,4.45,0,1.15,1.07,5.378401360544216,17.75585696670776,2024-W49
247,2024-12-09,2024,4,12,50,Product_B,58.85,64.11,8.93,1678,88878.96,12546.34,77.5,4.29,1,1.15,1.07,-8.032505078918584,22.303206997084544,2024-W49
248,2024-12-09,2024,4,12,50,Product_C,77.02,66.09,-14.18,1824,126432.59,14863.69,80.0,4.2,1,1.15,1.07,9.155328798185923,11.423335369578492,2024-W49
249,2024-12-09,2024,4,12,50,Product_D,161.58,139.17,-13.87,1224,177997.6,10824.22,80.0,4.61,1,1.15,1.07,-6.563349332099689,10.369702434625783,2024-W49
250,2024-12-09,2024,4,12,50,Product_E,156.82,174.93,11.55,1916,300476.25,14076.63,80.3,3.94,0,1.15,1.07,-0.2671076062070843,21.419518377693294,2024-W49
251,2024-12-16,2024,4,12,51,Product_A,108.53,104.92,-3.32,1747,189598.13,11040.29,85.3,4.53,0,1.15,1.071,9.471454508775468,-8.534031413612563,2024-W50
252,2024-12-16,2024,4,12,51,Product_B,59.13,62.59,5.85,1127,66641.98,12650.12,75.7,4.39,0,1.15,1.071,0.4757858963466477,-32.836710369487484,2024-W50
253,2024-12-16,2024,4,12,51,Product_C,67.28,70.45,4.7,1903,128034.9,12062.42,81.7,4.79,0,1.15,1.071,-12.646065956894304,4.331140350877183,2024-W50
254,2024-12-16,2024,4,12,51,Product_D,155.05,145.94,-5.87,1076,166832.78,14795.2,79.9,4.32,0,1.15,1.071,-4.04134175021661,-12.091503267973858,2024-W50
255,2024-12-16,2024,4,12,51,Product_E,129.85,138.27,6.48,2082,270351.67,14739.32,78.5,4.23,0,1.15,1.071,-17.198061471751046,8.663883089770351,2024-W50
256,2024-12-23,2024,4,12,52,Product_A,99.54,93.36,-6.2,1980,197079.55,12833.06,81.4,4.79,0,1.15,1.073,-8.283423938081636,13.337149398969661,2024-W51
257,2024-12-23,2024,4,12,52,Product_B,67.71,60.45,-10.73,1585,107318.67,10591.76,80.3,4.74,0,1.15,1.073,14.510400811770662,40.638864241348706,2024-W51
258,2024-12-23,2024,4,12,52,Product_C,74.18,77.17,4.04,1988,147465.21,13758.91,86.6,4.21,0,1.15,1.073,10.255648038049948,4.466631634261686,2024-W51
259,2024-12-23,2024,4,12,52,Product_D,175.46,171.39,-2.32,890,156163.6,13465.9,85.2,4.41,0,1.15,1.073,13.163495646565625,-17.286245353159845,2024-W51
260,2024-12-23,2024,4,12,52,Product_E,142.3,132.1,-7.17,1484,211179.21,9653.9,87.6,4.43,0,1.15,1.073,9.58798613785139,-28.7223823246878,2024-W51
261,2024-12-30,2024,4,12,1,Product_A,106.4,93.35,-12.26,1680,178747.99,13751.58,88.5,5.24,0,1.15,1.074,6.891701828410679,-15.151515151515149,2024-W52
262,2024-12-30,2024,4,12,1,Product_B,61.92,54.27,-12.36,1379,85390.14,11077.15,84.9,4.93,0,1.15,1.074,-8.551174124944605,-12.996845425867509,2024-W52
263,2024-12-30,2024,4,12,1,Product_C,68.05,72.05,5.88,1888,128473.2,12264.92,87.3,4.94,0,1.15,1.074,-8.263682933405248,-5.030181086519114,2024-W52
264,2024-12-30,2024,4,12,1,Product_D,177.22,193.53,9.2,1030,182536.98,11332.91,81.4,4.86,0,1.15,1.074,1.0030776245298023,15.73033707865168,2024-W52
265,2024-12-30,2024,4,12,1,Product_E,131.34,115.27,-12.23,1870,245596.99,14539.63,83.6,4.65,0,1.15,1.074,-7.702037947997198,26.010781671159023,2024-W52
266,2025-01-06,2025,1,1,2,Product_A,72.68,64.9,-10.71,1571,114181.2,8779.12,86.8,5.53,0,0.9,1.076,-31.69172932330827,-6.488095238095237,2025-W01
267,2025-01-06,2025,1,1,2,Product_B,50.12,54.64,9.02,1204,60343.64,9753.93,83.8,5.16,0,0.9,1.076,-19.056847545219647,-12.690355329949243,2025-W01
268,2025-01-06,2025,1,1,2,Product_C,53.06,48.31,-8.94,1786,94760.2,11625.85,89.9,5.16,0,0.9,1.076,-22.02792064658339,-5.402542372881358,2025-W01
269,2025-01-06,2025,1,1,2,Product_D,132.51,115.75,-12.65,1007,133436.02,9857.87,85.0,5.67,0,0.9,1.076,-25.228529511341836,-2.2330097087378653,2025-W01
270,2025-01-06,2025,1,1,2,Product_E,106.95,106.02,-0.87,1613,172508.87,9456.83,83.4,5.22,0,0.9,1.076,-18.570123343992694,-13.743315508021393,2025-W01
271,2025-01-13,2025,1,1,3,Product_A,81.87,71.38,-12.82,1839,135506.7,7578.48,86.1,5.55,1,0.9,1.077,12.644468904788098,17.05919796308084,2025-W02
272,2025-01-13,2025,1,1,3,Product_B,52.5,45.45,-13.44,1232,64682.91,7342.14,87.3,5.9,0,0.9,1.077,4.748603351955305,2.3255813953488413,2025-W02
273,2025-01-13,2025,1,1,3,Product_C,56.48,58.44,3.46,1650,93196.43,7884.47,89.5,5.71,0,0.9,1.077,6.445533358462119,-7.614781634938406,2025-W02
274,2025-01-13,2025,1,1,3,Product_D,116.63,108.42,-7.04,1083,126306.15,11485.0,89.7,5.6,0,0.9,1.077,-11.984001207456041,7.547169811320753,2025-W02
275,2025-01-13,2025,1,1,3,Product_E,121.77,133.36,9.52,1374,167309.29,9800.51,91.1,5.72,0,0.9,1.077,13.856942496493673,-14.817110973341595,2025-W02
276,2025-01-20,2025,1,1,4,Product_A,86.36,92.92,7.6,1556,134374.77,11462.62,92.9,6.06,0,0.9,1.079,5.484304385000605,-15.388798259923874,2025-W03
277,2025-01-20,2025,1,1,4,Product_B,51.2,48.74,-4.82,1242,63594.78,10413.39,92.4,5.83,0,0.9,1.079,-2.4761904761904763,0.8116883116883189,2025-W03
278,2025-01-20,2025,1,1,4,Product_C,58.7,52.82,-10.02,1603,94103.57,10205.64,94.6,5.79,0,0.9,1.079,3.9305949008498597,-2.8484848484848446,2025-W03
279,2025-01-20,2025,1,1,4,Product_D,118.17,118.66,0.42,749,88508.64,10615.52,93.5,5.41,0,0.9,1.079,1.3204149875675197,-30.84025854108957,2025-W03
280,2025-01-20,2025,1,1,4,Product_E,107.51,97.53,-9.28,1647,177071.93,10309.75,95.6,5.63,0,0.9,1.079,-11.710601954504385,19.86899563318778,2025-W03
281,2025-01-27,2025,1,1,5,Product_A,72.59,72.43,-0.22,1931,126151.01,11278.59,85.9,6.4,1,0.9,1.08,-15.944881889763774,24.100257069408748,2025-W04
282,2025-01-27,2025,1,1,5,Product_B,50.53,44.18,-12.55,1315,59797.68,9568.81,94.8,6.55,1,0.9,1.08,-1.3085937499999978,5.8776167471819685,2025-W04
283,2025-01-27,2025,1,1,5,Product_C,57.85,58.32,0.82,2133,111051.1,7256.73,88.4,5.85,1,0.9,1.08,-1.4480408858603133,33.063006862133506,2025-W04
284,2025-01-27,2025,1,1,5,Product_D,127.39,143.48,12.63,1045,133124.12,10414.47,92.4,6.09,0,0.9,1.08,7.802318693407795,39.519359145527375,2025-W04
285,2025-01-27,2025,1,1,5,Product_E,104.09,111.43,7.05,1346,140108.94,10939.27,89.5,5.36,0,0.9,1.08,-3.181099432610923,-18.275652701882205,2025-W04
286,2025-02-03,2025,1,2,6,Product_A,80.02,91.12,13.87,1558,124672.68,10557.2,92.7,6.23,0,0.9,1.081,10.235569637691121,-19.316416364577936,2025-W05
287,2025-02-03,2025,1,2,6,Product_B,49.82,49.8,-0.05,1476,73537.65,10753.64,90.4,5.98,0,0.9,1.081,-1.405105877696422,12.243346007604572,2025-W05
288,2025-02-03,2025,1,2,6,Product_C,57.63,61.27,6.31,1654,95322.27,10885.79,94.5,6.24,0,0.9,1.081,-0.3802938634399289,-22.45663384903891,2025-W05
289,2025-02-03,2025,1,2,6,Product_D,136.26,123.8,-9.14,748,101921.32,8433.32,95.5,6.26,0,0.9,1.081,6.9628699269958405,-28.421052631578945,2025-W05
290,2025-02-03,2025,1,2,6,Product_E,105.1,93.01,-11.5,1271,133576.76,9152.3,94.3,6.37,0,0.9,1.081,0.9703141512152902,-5.572065378900448,2025-W05
291,2025-02-10,2025,1,2,7,Product_A,86.0,73.41,-14.64,1515,130290.8,8206.18,97.0,6.21,0,0.9,1.083,7.473131717070736,-2.759948652118105,2025-W06
292,2025-02-10,2025,1,2,7,Product_B,44.16,37.94,-14.08,1359,60010.46,10261.03,96.3,5.99,0,0.9,1.083,-11.360899237254118,-7.926829268292678,2025-W06
293,2025-02-10,2025,1,2,7,Product_C,55.54,55.44,-0.17,1612,89529.15,9266.69,98.9,6.29,0,0.9,1.083,-3.6265833767135214,-2.539298669891177,2025-W06
294,2025-02-10,2025,1,2,7,Product_D,129.97,147.4,13.41,1019,132437.54,10471.76,91.3,6.46,0,0.9,1.083,-4.616174959635988,36.229946524064175,2025-W06
295,2025-02-10,2025,1,2,7,Product_E,116.23,131.28,12.95,1617,187947.3,10498.5,94.1,6.54,0,0.9,1.083,10.589914367269282,27.222659323367427,2025-W06
296,2025-02-17,2025,1,2,8,Product_A,79.07,82.14,3.88,1567,123906.15,11561.86,99.2,6.53,0,0.9,1.084,-8.058139534883724,3.432343234323443,2025-W07
297,2025-02-17,2025,1,2,8,Product_B,50.63,49.5,-2.24,1107,56051.29,10472.26,99.5,6.46,0,0.9,1.084,14.65126811594204,-18.54304635761589,2025-W07
298,2025-02-17,2025,1,2,8,Product_C,54.19,48.37,-10.74,1713,92829.09,7652.87,99.2,6.75,0,0.9,1.084,-2.4306805905653595,6.26550868486353,2025-W07
299,2025-02-17,2025,1,2,8,Product_D,134.39,129.73,-3.47,888,119341.66,10737.93,93.0,6.38,0,0.9,1.084,3.400784796491485,-12.855740922473014,2025-W07
300,2025-02-17,2025,1,2,8,Product_E,101.64,111.59,9.8,1806,183552.98,8670.58,100.0,6.43,0,0.9,1.084,-12.552697238234533,11.688311688311682,2025-W07
301,2025-02-24,2025,1,2,9,Product_A,85.02,73.43,-13.64,1549,131701.45,9829.41,103.8,6.42,0,0.9,1.086,7.524977867712157,-1.148691767708998,2025-W08
302,2025-02-24,2025,1,2,9,Product_B,48.16,53.56,11.2,1593,76720.03,10463.66,93.0,6.18,0,0.9,1.086,-4.878530515504654,43.90243902439024,2025-W08
303,2025-02-24,2025,1,2,9,Product_C,58.55,55.95,-4.43,1643,96193.61,10130.16,102.2,6.55,0,0.9,1.086,8.045764901273289,-4.086398131932278,2025-W08
304,2025-02-24,2025,1,2,9,Product_D,140.37,121.49,-13.45,893,125346.4,9658.94,98.7,6.91,0,0.9,1.086,4.44973584344075,0.5630630630630629,2025-W08
305,2025-02-24,2025,1,2,9,Product_E,104.07,119.07,14.42,2405,225251.28,9287.92,97.9,6.37,1,0.9,1.086,2.3907910271546484,33.16722037652271,2025-W08
306,2025-03-03,2025,1,3,10,Product_A,76.4,78.32,2.51,2062,141783.35,9286.64,101.2,6.52,1,0.9,1.087,-10.138790872735814,33.11814073595869,2025-W09
307,2025-03-03,2025,1,3,10,Product_B,52.27,47.73,-8.68,1365,71351.32,9865.58,93.4,6.6,0,0.9,1.087,8.534053156146193,-14.312617702448216,2025-W09
308,2025-03-03,2025,1,3,10,Product_C,55.17,58.25,5.59,2139,106198.88,10242.8,102.0,6.5,1,0.9,1.087,-5.772843723313404,30.188679245283012,2025-W09
309,2025-03-03,2025,1,3,10,Product_D,136.08,138.23,1.58,802,109133.75,8006.65,100.4,6.9,0,0.9,1.087,-3.05620859157939,-10.190369540873457,2025-W09
310,2025-03-03,2025,1,3,10,Product_E,114.19,107.21,-6.11,1512,172653.45,7976.36,100.1,6.49,0,0.9,1.087,9.724224079946197,-37.13097713097713,2025-W09
311,2025-03-10,2025,1,3,11,Product_A,81.62,73.36,-10.12,1356,110672.11,10862.08,93.3,6.98,0,0.9,1.089,6.832460732984291,-34.23860329776915,2025-W10
312,2025-03-10,2025,1,3,11,Product_B,45.2,41.64,-7.87,1227,55455.35,11290.65,103.2,6.99,0,0.9,1.089,-13.52592309163957,-10.109890109890108,2025-W10
313,2025-03-10,2025,1,3,11,Product_C,54.64,56.98,4.29,1757,96004.99,10966.69,97.8,7.03,0,0.9,1.089,-0.960667029182527,-17.858812529219257,2025-W10
314,2025-03-10,2025,1,3,11,Product_D,137.91,145.06,5.18,820,113086.57,8505.2,98.2,6.73,0,0.9,1.089,1.3447971781304968,2.244389027431426,2025-W10
315,2025-03-10,2025,1,3,11,Product_E,102.58,108.49,5.76,1346,138073.2,7426.57,93.3,6.61,0,0.9,1.089,-10.16726508450827,-10.978835978835978,2025-W10
316,2025-03-17,2025,1,3,12,Product_A,86.38,77.32,-10.49,1537,132764.79,10847.49,105.1,6.92,0,0.9,1.09,5.831903945111483,13.348082595870213,2025-W11
317,2025-03-17,2025,1,3,12,Product_B,45.85,50.95,11.12,1463,67076.0,9415.25,100.5,6.85,0,0.9,1.09,1.4380530973451267,19.23390383048085,2025-W11
318,2025-03-17,2025,1,3,12,Product_C,61.41,66.31,7.98,1477,90701.01,11422.37,105.4,7.25,0,0.9,1.09,12.390190336749619,-15.936254980079678,2025-W11
319,2025-03-17,2025,1,3,12,Product_D,136.92,153.6,12.18,951,130210.75,9772.86,101.6,6.53,0,0.9,1.09,-0.7178594735697263,15.975609756097553,2025-W11
320,2025-03-17,2025,1,3,12,Product_E,119.95,131.49,9.62,1290,154732.05,8816.44,98.9,7.09,0,0.9,1.09,16.933125365568348,-4.160475482912329,2025-W11
321,2025-03-24,2025,1,3,13,Product_A,84.03,83.25,-0.94,1754,132656.84,10989.54,100.9,6.96,1,0.9,1.091,-2.7205371613799434,14.118412491867272,2025-W12
322,2025-03-24,2025,1,3,13,Product_B,52.82,48.99,-7.26,1213,64074.3,8959.87,91.3,6.64,0,0.9,1.091,15.201744820065421,-17.08817498291183,2025-W12
323,2025-03-24,2025,1,3,13,Product_C,59.12,60.19,1.81,1636,96715.33,11282.38,96.3,7.24,0,0.9,1.091,-3.729034359224881,10.765064319566697,2025-W12
324,2025-03-24,2025,1,3,13,Product_D,124.11,132.78,6.98,835,103634.93,9995.82,98.0,6.68,0,0.9,1.091,-9.355828220858886,-12.197686645636175,2025-W12
325,2025-03-24,2025,1,3,13,Product_E,108.79,99.29,-8.73,1536,167095.09,10825.72,96.0,6.57,0,0.9,1.091,-9.303876615256357,19.069767441860463,2025-W12
326,2025-03-31,2025,1,3,14,Product_A,85.71,94.7,10.49,1663,142535.71,10660.44,98.2,7.0,0,0.9,1.093,1.9992859692966602,-5.188141391106038,2025-W13
327,2025-03-31,2025,1,3,14,Product_B,52.83,52.09,-1.39,1233,65135.63,7788.93,103.3,6.79,0,0.9,1.093,0.01893222264293115,1.6488046166529324,2025-W13
328,2025-03-31,2025,1,3,14,Product_C,62.62,55.3,-11.68,1693,106009.26,8911.8,97.1,7.04,0,0.9,1.093,5.920162381596761,3.4841075794620924,2025-W13
329,2025-03-31,2025,1,3,14,Product_D,124.07,107.57,-13.3,967,119978.36,10284.5,98.4,6.49,0,0.9,1.093,-0.032229473853839785,15.808383233532929,2025-W13
330,2025-03-31,2025,1,3,14,Product_E,119.61,131.22,9.71,1620,193761.81,8914.46,97.4,6.86,0,0.9,1.093,9.945767074179601,5.46875,2025-W13
331,2025-04-07,2025,2,4,15,Product_A,84.85,77.94,-8.14,1857,157558.16,12131.74,96.7,6.94,0,0.95,1.094,-1.0033835025084592,11.665664461816005,2025-W14
332,2025-04-07,2025,2,4,15,Product_B,52.17,55.4,6.2,1474,76893.34,8781.39,96.0,6.91,0,0.95,1.094,-1.2492901760363329,19.545823195458233,2025-W14
333,2025-04-07,2025,2,4,15,Product_C,57.83,64.96,12.32,2578,134184.72,11677.12,99.2,7.11,1,0.95,1.094,-7.649313318428619,52.274069698759604,2025-W14
334,2025-04-07,2025,2,4,15,Product_D,133.29,143.33,7.53,1108,147688.75,8545.21,99.4,7.32,0,0.95,1.094,7.431288788587098,14.581178903826263,2025-W14
335,2025-04-07,2025,2,4,15,Product_E,109.85,124.14,13.01,2194,216902.1,12029.64,94.3,6.87,1,0.95,1.094,-8.159852855112447,35.432098765432094,2025-W14
336,2025-04-14,2025,2,4,16,Product_A,87.61,88.14,0.6,1577,138155.02,10071.46,104.2,7.04,0,0.95,1.096,3.2527990571596943,-15.078082929456116,2025-W15
337,2025-04-14,2025,2,4,16,Product_B,54.48,59.48,9.17,1457,79378.59,9854.5,102.1,7.31,0,0.95,1.096,4.427832087406536,-1.1533242876526462,2025-W15
338,2025-04-14,2025,2,4,16,Product_C,57.7,64.16,11.18,2084,120255.47,11539.62,101.4,6.66,0,0.95,1.096,-0.22479681826040876,-19.16214119472459,2025-W15
339,2025-04-14,2025,2,4,16,Product_D,148.52,129.25,-12.97,756,112284.86,9652.09,96.7,6.65,0,0.95,1.096,11.426213519393812,-31.768953068592054,2025-W15
340,2025-04-14,2025,2,4,16,Product_E,130.12,132.55,1.87,1537,199996.65,10717.95,105.4,6.6,0,0.95,1.096,18.452435138825685,-29.945305378304464,2025-W15
341,2025-04-21,2025,2,4,17,Product_A,81.48,72.53,-10.98,1972,160673.74,11764.1,105.2,7.4,0,0.95,1.097,-6.996918160027388,25.04755865567534,2025-W16
342,2025-04-21,2025,2,4,17,Product_B,51.29,58.01,13.1,1501,69287.63,7871.16,99.7,6.77,1,0.95,1.097,-5.855359765051393,3.0199039121482585,2025-W16
343,2025-04-21,2025,2,4,17,Product_C,57.23,48.85,-14.63,1348,77140.56,8058.54,100.1,7.42,0,0.95,1.097,-0.8145580589254853,-35.31669865642995,2025-W16
344,2025-04-21,2025,2,4,17,Product_D,141.05,137.78,-2.32,858,121020.93,11104.95,99.3,6.8,0,0.95,1.097,-5.029625639644486,13.492063492063489,2025-W16
345,2025-04-21,2025,2,4,17,Product_E,121.6,137.59,13.15,1535,186653.87,8152.7,98.6,6.66,0,0.95,1.097,-6.54780202889641,-0.13012361743656164,2025-W16
346,2025-04-28,2025,2,4,18,Product_A,82.04,91.99,12.12,1474,120930.47,9463.16,100.9,7.09,0,0.95,1.099,0.6872852233676952,-25.25354969574036,2025-W17
347,2025-04-28,2025,2,4,18,Product_B,51.05,44.03,-13.75,1295,66104.54,9101.74,100.5,6.75,0,0.95,1.099,-0.4679274712419579,-13.724183877415053,2025-W17
348,2025-04-28,2025,2,4,18,Product_C,54.89,61.52,12.09,1707,93693.33,11130.17,97.4,6.45,0,0.95,1.099,-4.08876463393325,26.632047477744813,2025-W17
349,2025-04-28,2025,2,4,18,Product_D,135.05,125.67,-6.94,1011,136532.22,8575.33,93.8,6.58,0,0.95,1.099,-4.253810705423611,17.832167832167833,2025-W17
350,2025-04-28,2025,2,4,18,Product_E,126.4,130.64,3.35,1808,228530.92,11559.81,99.0,6.12,0,0.95,1.099,3.9473684210526327,17.78501628664495,2025-W17
351,2025-05-05,2025,2,5,19,Product_A,85.11,94.36,10.87,1776,151155.25,9483.58,101.9,6.67,0,0.95,1.1,3.742077035592395,20.48846675712348,2025-W18
352,2025-05-05,2025,2,5,19,Product_B,52.67,46.98,-10.81,1077,51056.24,9922.02,98.7,6.95,1,0.95,1.1,3.173359451518132,-16.833976833976838,2025-W18
353,2025-05-05,2025,2,5,19,Product_C,56.54,49.4,-12.63,2328,118469.55,11838.44,100.2,7.16,1,0.95,1.1,3.006012024048088,36.37961335676625,2025-W18
354,2025-05-05,2025,2,5,19,Product_D,147.74,138.76,-6.08,1108,147326.82,7959.02,93.5,6.43,1,0.95,1.1,9.39651980747871,9.594460929772497,2025-W18
355,2025-05-05,2025,2,5,19,Product_E,116.85,123.01,5.27,1547,180768.39,9285.76,95.9,6.56,0,0.95,1.1,-7.555379746835456,-14.435840707964598,2025-W18
356,2025-05-12,2025,2,5,20,Product_A,80.24,83.45,4.0,1774,142338.31,9939.94,98.6,6.61,0,0.95,1.101,-5.722006814710379,-0.11261261261261701,2025-W19
357,2025-05-12,2025,2,5,20,Product_B,55.76,48.97,-12.18,1148,64015.59,10798.8,93.4,6.69,0,0.95,1.101,5.866717296373647,6.592386258124416,2025-W19
358,2025-05-12,2025,2,5,20,Product_C,61.54,54.43,-11.55,2183,120898.38,11549.02,94.3,6.28,1,0.95,1.101,8.843296781039967,-6.2285223367697595,2025-W19
359,2025-05-12,2025,2,5,20,Product_D,122.37,139.44,13.95,1135,138884.54,8870.16,100.7,6.87,0,0.95,1.101,-17.17205902260729,2.436823104693131,2025-W19
360,2025-05-12,2025,2,5,20,Product_E,108.02,105.4,-2.42,1646,177802.97,11529.69,96.8,6.38,0,0.95,1.101,-7.556696619597769,6.399482870071105,2025-W19
361,2025-05-19,2025,2,5,21,Product_A,80.52,90.1,11.9,2175,175124.21,8463.93,96.0,6.04,0,0.95,1.103,0.34895314057825644,22.604284103720396,2025-W20
362,2025-05-19,2025,2,5,21,Product_B,55.5,58.56,5.5,1217,67549.36,11581.05,100.7,6.49,0,0.95,1.103,-0.46628407460544974,6.010452961672463,2025-W20
363,2025-05-19,2025,2,5,21,Product_C,61.21,61.53,0.52,1454,88994.92,11775.15,97.9,6.48,0,0.95,1.103,-0.5362365940851488,-33.394411360513054,2025-W20
364,2025-05-19,2025,2,5,21,Product_D,138.15,153.33,10.98,1067,147409.55,8887.71,91.5,5.85,0,0.95,1.103,12.895317479774459,-5.99118942731277,2025-W20
365,2025-05-19,2025,2,5,21,Product_E,118.97,127.24,6.94,1658,197258.38,8699.06,95.4,6.63,0,0.95,1.103,10.137011664506579,0.7290400972053357,2025-W20
366,2025-05-26,2025,2,5,22,Product_A,76.25,67.57,-11.38,1569,119631.68,8440.8,92.6,5.98,0,0.95,1.104,-5.303030303030298,-27.86206896551724,2025-W21
367,2025-05-26,2025,2,5,22,Product_B,46.18,52.16,12.93,1632,75373.55,10310.4,96.4,6.23,0,0.95,1.104,-16.79279279279279,34.10024650780608,2025-W21
368,2025-05-26,2025,2,5,22,Product_C,59.66,61.57,3.21,2035,121403.01,11839.49,91.5,6.29,0,0.95,1.104,-2.5322659696128125,39.95873452544705,2025-W21
369,2025-05-26,2025,2,5,22,Product_D,140.96,148.57,5.4,940,132500.04,10391.03,92.9,6.22,0,0.95,1.104,2.0340209916757113,-11.902530459231485,2025-W21
370,2025-05-26,2025,2,5,22,Product_E,123.14,120.49,-2.15,1487,183103.24,10123.65,95.6,6.58,0,0.95,1.104,3.505085315625789,-10.313630880579005,2025-W21
371,2025-06-02,2025,2,6,23,Product_A,86.24,74.33,-13.82,2208,171385.99,9991.23,90.3,5.57,1,0.95,1.106,13.101639344262296,40.7265774378585,2025-W22
372,2025-06-02,2025,2,6,23,Product_B,46.96,49.19,4.74,1682,78989.5,10693.36,95.5,5.6,0,0.95,1.106,1.6890428757037723,3.0637254901960675,2025-W22
373,2025-06-02,2025,2,6,23,Product_C,60.49,53.31,-11.87,1640,99203.61,8727.81,96.9,6.15,0,0.95,1.106,1.391216895742553,-19.41031941031941,2025-W22
374,2025-06-02,2025,2,6,23,Product_D,132.77,146.3,10.19,862,114447.81,12148.51,91.8,5.83,0,0.95,1.106,-5.810158910329166,-8.297872340425528,2025-W22
375,2025-06-02,2025,2,6,23,Product_E,119.87,132.27,10.34,1349,161710.49,11556.42,91.1,6.01,0,0.95,1.106,-2.6555140490498563,-9.280430396772022,2025-W22
376,2025-06-09,2025,2,6,24,Product_A,77.84,71.05,-8.72,1651,128512.57,11154.23,93.9,5.96,0,0.95,1.107,-9.740259740259727,-25.226449275362317,2025-W23
377,2025-06-09,2025,2,6,24,Product_B,51.66,55.35,7.15,1360,70251.36,11316.33,93.3,5.63,0,0.95,1.107,10.008517887563873,-19.14387633769322,2025-W23
378,2025-06-09,2025,2,6,24,Product_C,60.42,62.85,4.02,2195,119352.63,11132.07,83.1,5.75,1,0.95,1.107,-0.1157216068771727,33.84146341463414,2025-W23
379,2025-06-09,2025,2,6,24,Product_D,146.74,143.84,-1.98,884,129719.17,11154.83,87.7,5.67,0,0.95,1.107,10.521955260977634,2.5522041763341052,2025-W23
380,2025-06-09,2025,2,6,24,Product_E,119.25,112.4,-5.75,1493,178042.04,9899.1,87.0,5.91,0,0.95,1.107,-0.5172269959122455,10.674573758339513,2025-W23
381,2025-06-16,2025,2,6,25,Product_A,82.46,88.58,7.42,1915,157908.56,9352.34,95.7,5.39,0,0.95,1.109,5.935251798561136,15.990308903694729,2025-W24
382,2025-06-16,2025,2,6,25,Product_B,54.01,52.96,-1.93,1391,75125.49,11220.85,91.5,5.79,0,0.95,1.109,4.5489740611691865,2.2794117647058743,2025-W24
383,2025-06-16,2025,2,6,25,Product_C,56.0,52.25,-6.7,1512,84666.78,7816.83,87.3,4.82,0,0.95,1.109,-7.315458457464419,-31.11617312072893,2025-W24
384,2025-06-16,2025,2,6,25,Product_D,139.24,128.46,-7.74,916,127541.89,10513.14,83.8,5.48,0,0.95,1.109,-5.111080823224756,3.619909502262453,2025-W24
385,2025-06-16,2025,2,6,25,Product_E,107.18,122.56,14.35,1738,186272.03,8891.99,87.9,5.45,0,0.95,1.109,-10.121593291404608,16.409912926992632,2025-W24
386,2025-06-23,2025,2,6,26,Product_A,83.62,77.16,-7.73,1716,143497.56,9725.21,87.7,4.95,0,0.95,1.11,1.406742663109406,-10.391644908616193,2025-W25
387,2025-06-23,2025,2,6,26,Product_B,49.18,47.21,-4.01,1545,75989.23,7627.35,87.2,4.93,0,0.95,1.11,-8.942788372523601,11.071171818835367,2025-W25
388,2025-06-23,2025,2,6,26,Product_C,54.37,46.34,-14.77,1649,89661.35,10053.72,86.6,4.97,0,0.95,1.11,-2.9107142857142887,9.060846560846558,2025-W25
389,2025-06-23,2025,2,6,26,Product_D,128.69,117.66,-8.57,1050,121609.24,7665.29,87.9,5.41,1,0.95,1.11,-7.576845733984494,14.628820960698686,2025-W25
390,2025-06-23,2025,2,6,26,Product_E,129.54,125.66,-2.99,1367,177082.89,11425.79,88.1,5.63,0,0.95,1.11,20.86210113827205,-21.3463751438435,2025-W25
391,2025-06-30,2025,2,6,27,Product_A,78.29,74.24,-5.18,2028,158765.34,9129.88,84.4,4.99,0,0.95,1.111,-6.374073188232476,18.181818181818187,2025-W26
392,2025-06-30,2025,2,6,27,Product_B,48.19,42.02,-12.8,1283,61830.19,9372.95,82.5,4.53,0,0.95,1.111,-2.013013420089471,-16.957928802588995,2025-W26
393,2025-06-30,2025,2,6,27,Product_C,60.49,56.75,-6.2,2139,116456.37,10317.23,88.3,4.83,1,0.95,1.111,11.256207467353319,29.714978775015165,2025-W26
394,2025-06-30,2025,2,6,27,Product_D,124.15,140.97,13.54,1206,149730.88,10796.14,82.5,5.2,0,0.95,1.111,-3.527857642396448,14.857142857142858,2025-W26
395,2025-06-30,2025,2,6,27,Product_E,123.39,109.34,-11.39,1353,166944.35,10732.65,85.2,4.9,0,0.95,1.111,-4.7475683186660405,-1.024140453547917,2025-W26
396,2025-07-07,2025,3,7,28,Product_A,88.97,95.52,7.36,1853,164866.84,10685.53,85.8,4.5,0,1.0,1.113,13.641588964107786,-8.629191321499018,2025-W27
397,2025-07-07,2025,3,7,28,Product_B,52.36,58.07,10.9,1306,61549.76,10317.47,86.5,5.22,1,1.0,1.113,8.653247561734801,1.7926734216679563,2025-W27
398,2025-07-07,2025,3,7,28,Product_C,68.27,68.14,-0.19,1614,110188.59,10537.06,85.2,4.66,0,1.0,1.113,12.861630021491145,-24.54417952314165,2025-W27
399,2025-07-07,2025,3,7,28,Product_D,143.9,130.96,-8.99,1128,162320.01,12663.55,84.7,4.9,0,1.0,1.113,15.908175594039475,-6.467661691542292,2025-W27
400,2025-07-07,2025,3,7,28,Product_E,116.94,114.07,-2.46,1943,227207.84,8801.13,84.9,4.08,0,1.0,1.113,-5.227327984439589,43.606799704360675,2025-W27
401,2025-07-14,2025,3,7,29,Product_A,90.01,91.92,2.12,1531,137799.53,9815.41,80.2,4.32,0,1.0,1.114,1.1689333483196673,-17.377226119805723,2025-W28
402,2025-07-14,2025,3,7,29,Product_B,54.02,55.76,3.24,1207,65196.78,10900.86,88.3,4.1,0,1.0,1.114,3.1703590527119907,-7.580398162327717,2025-W28
403,2025-07-14,2025,3,7,29,Product_C,62.39,70.02,12.23,2041,127330.44,10109.14,79.3,4.07,0,1.0,1.114,-8.612860700161118,26.45600991325898,2025-W28
404,2025-07-14,2025,3,7,29,Product_D,154.64,158.56,2.53,968,149693.21,9855.56,83.5,4.29,0,1.0,1.114,7.463516330785258,-14.184397163120565,2025-W28
405,2025-07-14,2025,3,7,29,Product_E,129.22,133.19,3.07,1958,227717.33,8082.96,78.9,4.45,1,1.0,1.114,10.501111681204044,0.772002058672161,2025-W28
406,2025-07-21,2025,3,7,30,Product_A,81.97,76.69,-6.45,1689,138450.4,8803.41,81.4,4.15,0,1.0,1.116,-8.932340851016562,10.320052253429136,2025-W29
407,2025-07-21,2025,3,7,30,Product_B,48.49,44.06,-9.13,1413,68509.48,12777.62,81.5,4.55,0,1.0,1.116,-10.23694927804517,17.067108533554265,2025-W29
408,2025-07-21,2025,3,7,30,Product_C,57.92,59.72,3.11,1954,113177.88,9288.04,84.3,4.15,0,1.0,1.116,-7.164609713095049,-4.262616364527194,2025-W29
409,2025-07-21,2025,3,7,30,Product_D,147.39,160.09,8.62,1246,183644.28,12476.73,77.3,3.88,0,1.0,1.116,-4.6883083290222505,28.719008264462808,2025-W29
410,2025-07-21,2025,3,7,30,Product_E,123.16,106.56,-13.48,1953,216482.86,12632.32,77.8,4.44,1,1.0,1.116,-4.689676520662434,-0.25536261491317935,2025-W29
411,2025-07-28,2025,3,7,31,Product_A,80.67,78.2,-3.06,1731,139636.76,12911.89,70.5,4.28,0,1.0,1.117,-1.5859460778333556,2.48667850799289,2025-W30
412,2025-07-28,2025,3,7,31,Product_B,51.04,47.75,-6.45,1369,69880.52,10429.36,79.2,3.84,0,1.0,1.117,5.258816250773357,-3.113941967445155,2025-W30
413,2025-07-28,2025,3,7,31,Product_C,61.85,54.82,-11.37,2380,132489.48,10281.18,77.2,3.8,1,1.0,1.117,6.7852209944751385,21.801432958034805,2025-W30
414,2025-07-28,2025,3,7,31,Product_D,146.9,166.12,13.09,1518,200692.15,10212.73,75.8,3.89,1,1.0,1.117,-0.33245131962817975,21.8298555377207,2025-W30
415,2025-07-28,2025,3,7,31,Product_E,112.94,122.68,8.62,1796,202840.58,10916.26,77.0,4.05,0,1.0,1.117,-8.298148749594025,-8.038914490527393,2025-W30
416,2025-08-04,2025,3,8,32,Product_A,88.71,82.85,-6.6,1806,160204.07,10783.81,78.7,4.02,0,1.0,1.119,9.966530308664922,4.33275563258233,2025-W31
417,2025-08-04,2025,3,8,32,Product_B,54.84,58.4,6.48,1298,71180.97,9556.54,77.0,4.28,0,1.0,1.119,7.44514106583074,-5.186267348429507,2025-W31
418,2025-08-04,2025,3,8,32,Product_C,65.79,63.06,-4.14,1730,113810.35,11342.86,75.0,4.02,0,1.0,1.119,6.370250606305583,-27.3109243697479,2025-W31
419,2025-08-04,2025,3,8,32,Product_D,136.96,137.07,0.08,1006,137784.35,8109.57,75.0,3.33,0,1.0,1.119,-6.766507828454726,-33.72859025032938,2025-W31
420,2025-08-04,2025,3,8,32,Product_E,119.55,127.06,6.28,1737,207654.57,10720.99,76.4,3.97,0,1.0,1.119,5.852665131928458,-3.2850779510022243,2025-W31
421,2025-08-11,2025,3,8,33,Product_A,87.59,80.82,-7.73,1803,157919.58,10127.18,73.4,3.37,0,1.0,1.12,-1.26254086348776,-0.16611295681062677,2025-W32
422,2025-08-11,2025,3,8,33,Product_B,53.92,57.31,6.27,1237,66705.22,8907.19,70.3,3.84,0,1.0,1.12,-1.6776075857038664,-4.699537750385208,2025-W32
423,2025-08-11,2025,3,8,33,Product_C,66.36,58.81,-11.38,1867,111507.79,12368.49,75.7,3.9,1,1.0,1.12,0.8663930688554311,7.919075144508669,2025-W32
424,2025-08-11,2025,3,8,33,Product_D,147.07,136.49,-7.19,916,134711.54,10048.36,73.0,3.75,0,1.0,1.12,7.381717289719614,-8.946322067594437,2025-W32
425,2025-08-11,2025,3,8,33,Product_E,113.92,111.4,-2.22,1816,206884.76,10749.34,74.3,3.91,0,1.0,1.12,-4.709326641572565,4.548071387449615,2025-W32
426,2025-08-18,2025,3,8,34,Product_A,88.02,76.19,-13.45,1771,155890.55,10405.7,71.1,3.16,0,1.0,1.121,0.4909236214179602,-1.77481974486966,2025-W33
427,2025-08-18,2025,3,8,34,Product_B,53.48,58.39,9.18,1356,72516.7,12814.63,69.0,3.64,0,1.0,1.121,-0.8160237388724179,9.620048504446244,2025-W33
428,2025-08-18,2025,3,8,34,Product_C,57.72,51.19,-11.31,1502,86696.34,10886.0,74.1,3.46,0,1.0,1.121,-13.019891500904157,-19.55008034279593,2025-W33
429,2025-08-18,2025,3,8,34,Product_D,151.6,160.02,5.55,978,148264.34,12408.45,75.4,3.19,0,1.0,1.121,3.0801659073910415,6.768558951965065,2025-W33
430,2025-08-18,2025,3,8,34,Product_E,115.04,113.32,-1.5,1682,193504.99,12651.99,75.2,3.69,0,1.0,1.121,0.9831460674157411,-7.378854625550657,2025-W33
431,2025-08-25,2025,3,8,35,Product_A,92.01,94.65,2.87,1339,123195.51,11407.51,70.8,3.58,0,1.0,1.123,4.533060668030009,-24.39299830604178,2025-W34
432,2025-08-25,2025,3,8,35,Product_B,57.78,53.06,-8.16,1397,80715.7,12095.94,72.8,3.39,0,1.0,1.123,8.0403889304413,3.0235988200590036,2025-W34
433,2025-08-25,2025,3,8,35,Product_C,67.91,71.83,5.77,2162,146814.83,11261.46,76.5,3.09,0,1.0,1.123,17.654192654192656,43.94141145139814,2025-W34
434,2025-08-25,2025,3,8,35,Product_D,138.56,132.48,-4.39,835,115693.89,10677.77,70.8,3.38,0,1.0,1.123,-8.601583113456456,-14.621676891615543,2025-W34
435,2025-08-25,2025,3,8,35,Product_E,124.99,122.82,-1.74,1485,185606.92,8256.47,74.7,3.12,0,1.0,1.123,8.649165507649492,-11.712247324613557,2025-W34
436,2025-09-01,2025,3,9,36,Product_A,79.87,85.65,7.23,1891,151037.35,8906.17,69.3,3.28,0,1.0,1.124,-13.194218019780457,41.22479462285287,2025-W35
437,2025-09-01,2025,3,9,36,Product_B,57.95,55.4,-4.4,1407,81532.29,12199.31,67.5,3.75,0,1.0,1.124,0.2942194530979547,0.7158196134574135,2025-W35
438,2025-09-01,2025,3,9,36,Product_C,67.31,73.82,9.67,1667,112200.85,10232.1,69.5,3.53,0,1.0,1.124,-0.8835223089382893,-22.895467160036997,2025-W35
439,2025-09-01,2025,3,9,36,Product_D,155.56,147.47,-5.2,952,148089.32,12568.94,69.7,3.53,0,1.0,1.124,12.269053117782903,14.011976047904184,2025-W35
440,2025-09-01,2025,3,9,36,Product_E,131.69,118.01,-10.38,1391,183177.75,12027.16,66.8,3.3,0,1.0,1.124,5.360428834306741,-6.3299663299663305,2025-W35
441,2025-09-08,2025,3,9,37,Product_A,82.24,73.94,-10.09,1894,155753.53,11976.34,70.6,3.16,0,1.0,1.126,2.967321898084374,0.15864621893177944,2025-W36
442,2025-09-08,2025,3,9,37,Product_B,49.31,51.15,3.72,1660,81862.33,11337.75,68.9,3.04,0,1.0,1.126,-14.90940465918895,17.9815209665956,2025-W36
443,2025-09-08,2025,3,9,37,Product_C,64.56,62.07,-3.86,2039,131639.52,9594.33,70.6,3.37,0,1.0,1.126,-4.085574208884268,22.315536892621466,2025-W36
444,2025-09-08,2025,3,9,37,Product_D,133.9,148.32,10.76,821,109935.92,10515.66,64.3,3.45,0,1.0,1.126,-13.923887888917452,-13.760504201680668,2025-W36
445,2025-09-08,2025,3,9,37,Product_E,129.67,112.43,-13.3,1555,201642.15,10042.28,68.6,3.0,0,1.0,1.126,-1.533905383856038,11.790079079798698,2025-W36
446,2025-09-15,2025,3,9,38,Product_A,85.57,93.7,9.5,1977,169177.41,12386.0,69.2,3.0,0,1.0,1.127,4.049124513618674,4.382259767687424,2025-W37
447,2025-09-15,2025,3,9,38,Product_B,57.55,52.66,-8.5,1469,84538.22,11684.37,66.9,3.15,0,1.0,1.127,16.71060636787669,-11.506024096385548,2025-W37
448,2025-09-15,2025,3,9,38,Product_C,58.98,65.88,11.7,1888,111347.42,10152.65,72.8,3.0,0,1.0,1.127,-8.643122676579928,-7.405590975968613,2025-W37
449,2025-09-15,2025,3,9,38,Product_D,140.9,145.58,3.32,1084,152740.02,11741.78,71.0,3.11,0,1.0,1.127,5.227781926811059,32.03410475030451,2025-W37
450,2025-09-15,2025,3,9,38,Product_E,134.84,150.85,11.87,1455,196192.7,9299.14,69.2,3.22,0,1.0,1.127,3.987044034857723,-6.430868167202575,2025-W37
451,2025-09-22,2025,3,9,39,Product_A,91.78,91.86,0.08,1807,165855.31,9506.89,68.1,3.0,0,1.0,1.129,7.257216314128789,-8.598887202832572,2025-W38
452,2025-09-22,2025,3,9,39,Product_B,53.62,61.47,14.63,1287,69009.29,10972.38,75.0,3.0,0,1.0,1.129,-6.828844483058205,-12.389380530973447,2025-W38
453,2025-09-22,2025,3,9,39,Product_C,58.08,56.5,-2.71,2096,121727.18,9703.02,74.0,3.43,0,1.0,1.129,-1.5259409969481164,11.016949152542367,2025-W38
454,2025-09-22,2025,3,9,39,Product_D,133.09,113.21,-14.94,1045,139078.65,8587.76,67.3,3.0,0,1.0,1.129,-5.542938254080909,-3.59778597785978,2025-W38
455,2025-09-22,2025,3,9,39,Product_E,129.49,142.16,9.78,1841,238391.68,9202.66,68.7,3.0,0,1.0,1.129,-3.96766538119252,26.52920962199312,2025-W38
456,2025-09-29,2025,3,9,40,Product_A,80.75,91.41,13.19,1967,158841.65,11121.19,69.3,3.27,0,1.0,1.13,-12.017868816735678,8.854454897620357,2025-W39
457,2025-09-29,2025,3,9,40,Product_B,55.99,59.22,5.77,1407,78777.94,10141.0,67.6,3.49,0,1.0,1.13,4.419992540096995,9.32400932400932,2025-W39
458,2025-09-29,2025,3,9,40,Product_C,62.93,66.49,5.65,1776,111767.76,12940.18,66.4,3.0,0,1.0,1.13,8.350550964187331,-15.267175572519086,2025-W39
459,2025-09-29,2025,3,9,40,Product_D,130.76,111.89,-14.43,915,119643.61,8806.81,70.3,3.52,0,1.0,1.13,-1.75069501840861,-12.440191387559807,2025-W39
460,2025-09-29,2025,3,9,40,Product_E,129.46,120.55,-6.88,1953,227556.16,9802.37,71.6,3.14,1,1.0,1.13,-0.023167812186275505,6.083650190114076,2025-W39
461,2025-10-06,2025,4,10,41,Product_A,102.99,104.02,1.0,2014,207416.44,13765.64,67.5,3.0,0,1.15,1.131,27.54179566563466,2.3894255210981097,2025-W40
462,2025-10-06,2025,4,10,41,Product_B,66.57,60.41,-9.24,1329,88468.58,9692.53,68.5,3.0,0,1.15,1.131,18.896231469905334,-5.543710021321957,2025-W40
463,2025-10-06,2025,4,10,41,Product_C,79.82,77.05,-3.47,2046,146985.84,12106.37,68.7,3.01,1,1.15,1.131,26.839345304306363,15.202702702702698,2025-W40
464,2025-10-06,2025,4,10,41,Product_D,155.68,135.02,-13.27,902,140423.2,12694.58,66.3,3.05,0,1.15,1.131,19.057815845824422,-1.4207650273224015,2025-W40
465,2025-10-06,2025,4,10,41,Product_E,137.89,136.55,-0.97,1641,226275.57,14180.08,72.8,3.56,0,1.15,1.131,6.511663834388992,-15.975422427035335,2025-W40
466,2025-10-13,2025,4,10,42,Product_A,91.19,93.1,2.1,1958,178548.82,13477.69,71.2,3.0,0,1.15,1.133,-11.457423050781623,-2.7805362462760663,2025-W41
467,2025-10-13,2025,4,10,42,Product_B,61.94,53.9,-12.97,1323,81944.53,9599.19,68.5,3.0,0,1.15,1.133,-6.9550848730659425,-0.4514672686230292,2025-W41
468,2025-10-13,2025,4,10,42,Product_C,67.44,76.66,13.68,2115,142627.91,14375.48,69.4,3.0,0,1.15,1.133,-15.509897268854921,3.372434017595305,2025-W41
469,2025-10-13,2025,4,10,42,Product_D,167.85,170.71,1.71,914,153414.39,14719.21,68.2,3.0,0,1.15,1.133,7.817317574511806,1.3303769401330268,2025-W41
470,2025-10-13,2025,4,10,42,Product_E,135.36,153.0,13.03,1641,222122.24,14090.8,75.7,3.27,0,1.15,1.133,-1.8347958517658802,0.0,2025-W41
471,2025-10-20,2025,4,10,43,Product_A,92.74,102.38,10.39,2097,194476.19,13922.23,69.9,3.38,0,1.15,1.134,1.699747779361771,7.099080694586313,2025-W42
472,2025-10-20,2025,4,10,43,Product_B,59.54,56.55,-5.01,1663,99007.33,12264.51,73.1,3.23,0,1.15,1.134,-3.8747174685179187,25.699168556311403,2025-W42
473,2025-10-20,2025,4,10,43,Product_C,80.11,75.03,-6.35,1817,145568.93,13953.57,71.7,3.4,0,1.15,1.134,18.787069988137617,-14.089834515366428,2025-W42
474,2025-10-20,2025,4,10,43,Product_D,164.04,159.71,-2.64,1139,186838.94,10187.24,65.3,3.46,0,1.15,1.134,-2.2698838248436104,24.617067833698037,2025-W42
475,2025-10-20,2025,4,10,43,Product_E,130.02,142.44,9.55,2144,278767.65,13682.22,71.6,3.51,0,1.15,1.134,-3.9450354609929073,30.65204143814748,2025-W42
476,2025-10-27,2025,4,10,44,Product_A,105.0,109.44,4.23,1871,196451.3,13352.95,68.8,3.1,0,1.15,1.136,13.219754151390983,-10.777300906056276,2025-W43
477,2025-10-27,2025,4,10,44,Product_B,56.28,57.33,1.87,1469,82668.1,11874.93,76.7,3.35,0,1.15,1.136,-5.4753107154853815,-11.665664461815995,2025-W43
478,2025-10-27,2025,4,10,44,Product_C,73.83,74.75,1.25,1541,113770.16,10086.33,73.1,3.39,0,1.15,1.136,-7.839221071027335,-15.189873417721522,2025-W43
479,2025-10-27,2025,4,10,44,Product_D,167.5,148.26,-11.48,913,152927.17,9863.52,73.4,3.89,0,1.15,1.136,2.109241648378446,-19.84196663740123,2025-W43
480,2025-10-27,2025,4,10,44,Product_E,149.03,153.25,2.83,1834,273324.51,11064.89,69.5,3.5,0,1.15,1.136,14.620827564989991,-14.458955223880599,2025-W43
481,2025-11-03,2025,4,11,45,Product_A,94.17,105.71,12.25,1716,161591.66,11187.75,67.8,3.44,0,1.15,1.137,-10.31428571428571,-8.2843399251737,2025-W44
482,2025-11-03,2025,4,11,45,Product_B,59.82,62.78,4.95,1459,87280.51,13547.94,74.5,3.32,0,1.15,1.137,6.289978678038377,-0.6807351940095296,2025-W44
483,2025-11-03,2025,4,11,45,Product_C,69.53,63.16,-9.16,1915,133146.67,10938.42,72.0,3.72,0,1.15,1.137,-5.8241907083841244,24.269954574951335,2025-W44
484,2025-11-03,2025,4,11,45,Product_D,154.33,154.69,0.23,1005,155105.23,14350.13,71.4,3.21,0,1.15,1.137,-7.862686567164168,10.076670317634173,2025-W44
485,2025-11-03,2025,4,11,45,Product_E,137.5,148.58,8.06,2050,281874.34,11667.11,74.9,3.89,0,1.15,1.137,-7.736697309266594,11.777535441657584,2025-W44
486,2025-11-10,2025,4,11,46,Product_A,90.88,101.02,11.16,2800,254461.7,12715.86,78.3,3.56,0,1.15,1.139,-3.4936816395879866,63.17016317016317,2025-W45
487,2025-11-10,2025,4,11,46,Product_B,66.97,67.78,1.2,1479,99052.59,14906.78,70.5,3.41,0,1.15,1.139,11.952524239384822,1.3708019191226883,2025-W45
488,2025-11-10,2025,4,11,46,Product_C,74.22,66.19,-10.82,1967,145990.07,11196.84,72.4,3.52,0,1.15,1.139,6.7452898029627395,2.715404699738899,2025-W45
489,2025-11-10,2025,4,11,46,Product_D,168.25,177.77,5.66,1124,189109.92,12423.9,73.6,3.27,0,1.15,1.139,9.019633253417991,11.840796019900491,2025-W45
490,2025-11-10,2025,4,11,46,Product_E,131.28,116.75,-11.07,1939,254555.01,10457.6,70.7,3.91,0,1.15,1.139,-4.5236363636363635,-5.414634146341468,2025-W45
491,2025-11-17,2025,4,11,47,Product_A,104.74,93.82,-10.42,2335,244569.3,14504.37,80.4,3.85,0,1.15,1.14,15.250880281690149,-16.607142857142854,2025-W46
492,2025-11-17,2025,4,11,47,Product_B,65.73,71.29,8.46,1439,94581.29,9934.35,78.7,3.73,0,1.15,1.14,-1.8515753322383088,-2.704530087897228,2025-W46
493,2025-11-17,2025,4,11,47,Product_C,80.26,89.42,11.41,2090,167740.62,11510.23,74.4,4.37,0,1.15,1.14,8.13796820264081,6.253177427554646,2025-W46
494,2025-11-17,2025,4,11,47,Product_D,158.58,172.45,8.75,1199,190132.48,11989.29,80.3,3.78,0,1.15,1.14,-5.747399702823175,6.672597864768681,2025-W46
495,2025-11-17,2025,4,11,47,Product_E,156.3,148.42,-5.04,1923,270504.69,11951.54,72.5,4.05,1,1.15,1.14,19.05850091407679,-0.8251676121712181,2025-W46
496,2025-11-24,2025,4,11,48,Product_A,99.58,88.03,-11.6,2034,202552.38,14522.02,80.5,3.92,0,1.15,1.141,-4.926484628604156,-12.890792291220555,2025-W47
497,2025-11-24,2025,4,11,48,Product_B,67.1,68.18,1.61,1299,87157.12,9703.95,74.1,3.46,0,1.15,1.141,2.0842841929103795,-9.728978457261983,2025-W47
498,2025-11-24,2025,4,11,48,Product_C,72.69,73.63,1.29,1743,126693.23,9426.89,82.4,3.73,0,1.15,1.141,-9.431846498878649,-16.602870813397132,2025-W47
499,2025-11-24,2025,4,11,48,Product_D,162.93,142.19,-12.73,1215,197958.41,14274.72,77.5,3.77,0,1.15,1.141,2.7430949678395766,1.334445371142623,2025-W47
500,2025-11-24,2025,4,11,48,Product_E,145.34,131.15,-9.76,1713,248962.3,11651.79,76.4,3.89,0,1.15,1.141,-7.012156110044787,-10.920436817472702,2025-W47
501,2025-12-01,2025,4,12,49,Product_A,91.62,87.09,-4.94,1894,173521.46,11494.27,85.6,4.23,0,1.15,1.143,-7.99357300662783,-6.882989183874145,2025-W48
502,2025-12-01,2025,4,12,49,Product_B,61.67,70.77,14.76,2007,123763.14,14486.5,73.2,4.19,0,1.15,1.143,-8.092399403874806,54.503464203233264,2025-W48
503,2025-12-01,2025,4,12,49,Product_C,67.65,73.54,8.72,2227,150652.96,14202.32,78.8,4.6,0,1.15,1.143,-6.933553446141138,27.768215720022948,2025-W48
504,2025-12-01,2025,4,12,49,Product_D,179.39,156.06,-13.0,1073,192485.19,12315.13,76.7,3.99,0,1.15,1.143,10.102498005278338,-11.687242798353914,2025-W48
505,2025-12-01,2025,4,12,49,Product_E,155.19,158.77,2.31,1997,278923.24,9489.9,78.7,4.09,1,1.15,1.143,6.777212054492909,16.57910099241098,2025-W48
506,2025-12-08,2025,4,12,50,Product_A,105.35,103.84,-1.43,2035,214385.85,11194.98,74.7,4.22,0,1.15,1.144,14.985810958306045,7.4445617740232395,2025-W49
507,2025-12-08,2025,4,12,50,Product_B,66.37,73.7,11.04,1586,105259.11,11388.58,79.9,4.26,0,1.15,1.144,7.6212096643424765,-20.97658196312905,2025-W49
508,2025-12-08,2025,4,12,50,Product_C,72.8,80.74,10.91,1866,135848.02,14840.68,78.7,4.25,0,1.15,1.144,7.612712490761253,-16.210148181409966,2025-W49
509,2025-12-08,2025,4,12,50,Product_D,161.85,185.99,14.92,955,154568.12,13821.93,79.1,4.09,0,1.15,1.144,-9.777579575227158,-10.99720410065238,2025-W49
510,2025-12-08,2025,4,12,50,Product_E,141.26,126.14,-10.7,2113,298485.82,14474.29,88.3,3.79,0,1.15,1.144,-8.976093820478127,5.808713069604399,2025-W49
511,2025-12-15,2025,4,12,51,Product_A,100.54,98.09,-2.43,1909,191929.49,10214.23,78.0,4.48,0,1.15,1.146,-4.565733270052197,-6.1916461916461945,2025-W50
512,2025-12-15,2025,4,12,51,Product_B,64.11,61.15,-4.62,1352,86675.41,10197.77,83.2,4.47,0,1.15,1.146,-3.405152930540911,-14.754098360655743,2025-W50
513,2025-12-15,2025,4,12,51,Product_C,76.87,74.25,-3.4,1470,112996.97,10368.53,77.1,4.27,0,1.15,1.146,5.590659340659343,-21.221864951768488,2025-W50
514,2025-12-15,2025,4,12,51,Product_D,159.76,158.04,-1.07,942,150489.35,9595.1,83.3,4.15,0,1.15,1.146,-1.2913191226444298,-1.3612565445026203,2025-W50
515,2025-12-15,2025,4,12,51,Product_E,155.47,169.1,8.77,2050,318722.89,13212.54,82.1,3.96,0,1.15,1.146,10.059464816650166,-2.981542830099382,2025-W50
516,2025-12-22,2025,4,12,52,Product_A,93.51,91.11,-2.56,2951,248340.37,14726.15,85.3,4.45,1,1.15,1.147,-6.99224189377362,54.58355159769512,2025-W51
517,2025-12-22,2025,4,12,52,Product_B,66.17,74.56,12.68,1877,124202.41,9962.02,86.4,4.9,0,1.15,1.147,3.2132272656371974,38.831360946745555,2025-W51
518,2025-12-22,2025,4,12,52,Product_C,74.12,84.26,13.68,2068,153276.63,13596.03,92.6,5.12,0,1.15,1.147,-3.577468453232735,40.68027210884353,2025-W51
519,2025-12-22,2025,4,12,52,Product_D,154.77,162.28,4.85,1115,172570.3,9248.09,87.1,5.05,0,1.15,1.147,-3.1234351527290816,18.365180467091303,2025-W51
520,2025-12-22,2025,4,12,52,Product_E,147.8,151.94,2.8,2192,291580.8,13005.55,86.7,4.49,1,1.15,1.147,-4.933427670933288,6.926829268292689,2025-W51
521,2025-12-29,2025,4,12,1,Product_A,105.6,96.41,-8.7,1900,200639.86,9585.69,92.7,5.02,0,1.15,1.149,12.929098492139858,-35.615045747204334,2025-W52
522,2025-12-29,2025,4,12,1,Product_B,57.34,55.06,-3.97,1585,81794.43,11492.31,84.1,5.0,1,1.15,1.149,-13.344415898443396,-15.556739477890247,2025-W52
523,2025-12-29,2025,4,12,1,Product_C,66.65,74.32,11.5,2404,160231.75,14335.27,88.5,4.94,0,1.15,1.149,-10.07825148407987,16.24758220502902,2025-W52
524,2025-12-29,2025,4,12,1,Product_D,172.78,177.12,2.51,1201,207505.78,9582.16,85.0,5.08,0,1.15,1.149,11.636622084383275,7.713004484304942,2025-W52
525,2025-12-29,2025,4,12,1,Product_E,139.42,124.14,-10.96,1911,266437.54,12400.33,88.5,4.63,0,1.15,1.149,-5.669824086603537,-12.819343065693435,2025-W52
